"region","assessid","stockid","mgmt","assessor","years","start_year","report_year","assesssource","method","methodshort","methodlong","country","area","areaid","stocklong","class","order","family","genus","species","species_orig","comm_name","assess_if_mostrecent","state_of_stock","primary_country","primary_FAOarea","assess_notes","M","M_year","M_notes","M_source","M_source_notes","B_start","B_end","F_start","F_end","C_start","C_end","terminal_year","assess_order","ty","ty_minus1","key_ty","key_ty_minus1","B_ty","B_ty_minus1","B_type","B_unit","TBbest_ty","TBbest_ty_minus1","TB_ty","TB_ty_minus1","TN_ty","TN_ty_minus1","SSB_ty","SSB_ty_minus1","SSB_E00eggs_ty","SSB_E00eggs_ty_minus1","F_ty","F_ty_minus1","F_type","F_unit","ERbest_ty","ERbest_ty_minus1","ER_ty","ER_ty_minus1","instF_ty","instF_ty_minus1","ERmsybest","ERmsybest_notes","ERmgt","ERmgt_notes","Fmsy","Fmsy_notes","Fmgt","Fmgt_notes","Flim","Flim_notes","TBmsybest","TBmsybest_notes","SSBmsy","SSBmsy_notes","SSBmgt","SSBmgt_notes","OFL_pdf","ty_order","if_diff_5yrs","interval"
"Europe (EU)","WGHANSA-ANCHOBAYB-1986-2015-ICESIMP2016","ANCHOBAYB","ICES","WGHANSA","1986-2015",1986,2015,"http://www.ices.dk/sites/pub/Publication Reports/Advice/2015/2015/ane-bisc.pdf","Two-stage Bayesian biomass dynamic model (CBBM)","Unknown","Unknown","multinational","Bay of Biscay","multinational-ICES-VIII","Anchovy Bay of Biscay","Actinopterygii","Clupeiformes","Engraulidae","Engraulis","Engraulis encrasicolus","Engraulis encrasicolus","Anchovy",0,"Current","Spain",27,"Imported from ICES data dump covering 2011-2016",NA,NA,NA,NA,NA,1987,2015,1987,2015,1987,2015,2015,2.5,2006,2005,"WGHANSA-ANCHOBAYB-1986-2015-ICESIMP2016_2006","WGHANSA-ANCHOBAYB-1986-2015-ICESIMP2016_2005",20900,14000,"SSB-MT","MT",NA,NA,NA,NA,NA,NA,20900,14000,NA,NA,0.0841,0.0808,"ERbest-ratio","ratio",0.0841,0.0808,0.0841,0.0808,NA,NA,NA,NA,NA,NA,NA,NA,NA,NA,NA,NA,NA,NA,NA,NA,NA,NA,NA,1,"Y",9
"Europe (EU)","WGMHSA-ANCHOBAYB-1986-2007-JENNINGS","ANCHOBAYB","ICES","WGMHSA","1986-2007",1986,2007,"http://www.ices.dk","Biomass dynamics model","BBM","Bayesian Biomass Model","multinational","Bay of Biscay","multinational-ICES-VIII","Anchovy Bay of Biscay","Actinopterygii","Clupeiformes","Engraulidae","Engraulis","Engraulis encrasicolus","Engraulis encrasicolus","Anchovy",0,"Current","Spain",27,"NULL","1.2","NULL","Assumed all age classes and years",NA,NA,1987,2007,1987,2007,1987,2006,2006,6,2006,2005,"WGMHSA-ANCHOBAYB-1986-2007-JENNINGS_2006","WGMHSA-ANCHOBAYB-1986-2007-JENNINGS_2005",23500,15200,"SSB-MT","MT",NA,NA,NA,NA,NA,NA,23500,15200,NA,NA,0.0416,0.0362,"ERbest-ratio","ratio",0.0416,0.0362,0.0416,0.0362,0.075,0.077,NA,NA,NA,NA,NA,NA,NA,NA,NA,NA,NA,NA,NA,NA,NA,NA,NA,1,"Y",9
"Europe (EU)","WGHANSA-ANCHOBAYB-1986-2016-ICESIMP2018","ANCHOBAYB","ICES","WGHANSA","1986-2016",1986,2016,"http://www.ices.dk/sites/pub/Publication Reports/Advice/2015/2015/ane-bisc.pdf","Two-stage Bayesian biomass dynamic model (CBBM)","Unknown","Two-stage Bayesian biomass dynamic model (CBBM) assessment","multinational","Bay of Biscay","multinational-ICES-VIII","Anchovy Bay of Biscay","Actinopterygii","Clupeiformes","Engraulidae","Engraulis","Engraulis encrasicolus","Engraulis encrasicolus","Anchovy",0,"Current","Spain",27,"Imported from ICES data dump covering 2011-2018","1",NA,"0.8 for age 1 and at 1.2 for older individuals ",NA,NA,1987,2016,1987,2015,1987,2015,2015,2.5,2006,2005,"WGHANSA-ANCHOBAYB-1986-2016-ICESIMP2018_2006","WGHANSA-ANCHOBAYB-1986-2016-ICESIMP2018_2005",20900,14000,"SSB-MT","MT",20900,14000,20900,14000,NA,NA,20900,14000,NA,NA,0.0837320574162679,0.0807142857142857,"ERbest-ratio","ratio",0.0837320574162679,0.0807142857142857,NA,NA,NA,NA,NA,NA,NA,NA,NA,NA,NA,NA,NA,NA,NA,NA,21000,NA,89000,"SSBtarget-MT","",2,"Y",9
"Europe (EU)","WGMHSA-ANCHOBAYB-1986-2007-JENNINGS","ANCHOBAYB","ICES","WGMHSA","1986-2007",1986,2007,"http://www.ices.dk","Biomass dynamics model","BBM","Bayesian Biomass Model","multinational","Bay of Biscay","multinational-ICES-VIII","Anchovy Bay of Biscay","Actinopterygii","Clupeiformes","Engraulidae","Engraulis","Engraulis encrasicolus","Engraulis encrasicolus","Anchovy",0,"Current","Spain",27,"NULL","1.2","NULL","Assumed all age classes and years",NA,NA,1987,2007,1987,2007,1987,2006,2006,6,2006,2005,"WGMHSA-ANCHOBAYB-1986-2007-JENNINGS_2006","WGMHSA-ANCHOBAYB-1986-2007-JENNINGS_2005",23500,15200,"SSB-MT","MT",NA,NA,NA,NA,NA,NA,23500,15200,NA,NA,0.0416,0.0362,"ERbest-ratio","ratio",0.0416,0.0362,0.0416,0.0362,0.075,0.077,NA,NA,NA,NA,NA,NA,NA,NA,NA,NA,NA,NA,NA,NA,NA,NA,NA,2,"Y",9
"Europe (EU)","WGHANSA-ANCHOBAYB-1986-2017-ICESIMP2018","ANCHOBAYB","ICES","WGHANSA","1986-2017",1986,2017,"http://www.ices.dk/sites/pub/Publication Reports/Advice/2017/2017/ane.27.8.pdf","Two-stage Bayesian biomass dynamic model (CBBM)","Unknown","Unknown","multinational","Bay of Biscay","multinational-ICES-VIII","Anchovy Bay of Biscay","Actinopterygii","Clupeiformes","Engraulidae","Engraulis","Engraulis encrasicolus","Engraulis encrasicolus","Anchovy",999,"Current","Spain",27,"Imported from ICES data dump covering 2011-2018",NA,NA,NA,NA,NA,1987,2017,1987,2017,1987,2017,2017,1,2006,2005,"WGHANSA-ANCHOBAYB-1986-2017-ICESIMP2018_2006","WGHANSA-ANCHOBAYB-1986-2017-ICESIMP2018_2005",20300,14400,"SSB-MT","MT",NA,NA,NA,NA,NA,NA,20300,14400,NA,NA,0.086,0.078,"ERbest-ratio","ratio",0.086,0.078,0.086,0.078,NA,NA,NA,NA,NA,NA,NA,NA,NA,NA,NA,NA,NA,NA,NA,NA,89000,"SSBtarget-MT",NA,3,"Y",11
"Europe (EU)","WGMHSA-ANCHOBAYB-1986-2007-JENNINGS","ANCHOBAYB","ICES","WGMHSA","1986-2007",1986,2007,"http://www.ices.dk","Biomass dynamics model","BBM","Bayesian Biomass Model","multinational","Bay of Biscay","multinational-ICES-VIII","Anchovy Bay of Biscay","Actinopterygii","Clupeiformes","Engraulidae","Engraulis","Engraulis encrasicolus","Engraulis encrasicolus","Anchovy",0,"Current","Spain",27,"NULL","1.2","NULL","Assumed all age classes and years",NA,NA,1987,2007,1987,2007,1987,2006,2006,6,2006,2005,"WGMHSA-ANCHOBAYB-1986-2007-JENNINGS_2006","WGMHSA-ANCHOBAYB-1986-2007-JENNINGS_2005",23500,15200,"SSB-MT","MT",NA,NA,NA,NA,NA,NA,23500,15200,NA,NA,0.0416,0.0362,"ERbest-ratio","ratio",0.0416,0.0362,0.0416,0.0362,0.075,0.077,NA,NA,NA,NA,NA,NA,NA,NA,NA,NA,NA,NA,NA,NA,NA,NA,NA,3,"Y",11
"Europe (EU)","WGHANSA-ANCHOBAYB-1986-2015-ICESIMP2016","ANCHOBAYB","ICES","WGHANSA","1986-2015",1986,2015,"http://www.ices.dk/sites/pub/Publication Reports/Advice/2015/2015/ane-bisc.pdf","Two-stage Bayesian biomass dynamic model (CBBM)","Unknown","Unknown","multinational","Bay of Biscay","multinational-ICES-VIII","Anchovy Bay of Biscay","Actinopterygii","Clupeiformes","Engraulidae","Engraulis","Engraulis encrasicolus","Engraulis encrasicolus","Anchovy",0,"Current","Spain",27,"Imported from ICES data dump covering 2011-2016",NA,NA,NA,NA,NA,1987,2015,1987,2015,1987,2015,2015,2.5,2015,2014,"WGHANSA-ANCHOBAYB-1986-2015-ICESIMP2016_2015","WGHANSA-ANCHOBAYB-1986-2015-ICESIMP2016_2014",NA,NA,"SSB-MT","MT",NA,NA,NA,NA,NA,NA,NA,NA,NA,NA,NA,NA,"ERbest-ratio","ratio",NA,NA,NA,NA,NA,NA,NA,NA,NA,NA,NA,NA,NA,NA,NA,NA,NA,NA,NA,NA,NA,NA,NA,4,"N",0
"Europe (EU)","WGHANSA-ANCHOBAYB-1986-2016-ICESIMP2018","ANCHOBAYB","ICES","WGHANSA","1986-2016",1986,2016,"http://www.ices.dk/sites/pub/Publication Reports/Advice/2015/2015/ane-bisc.pdf","Two-stage Bayesian biomass dynamic model (CBBM)","Unknown","Two-stage Bayesian biomass dynamic model (CBBM) assessment","multinational","Bay of Biscay","multinational-ICES-VIII","Anchovy Bay of Biscay","Actinopterygii","Clupeiformes","Engraulidae","Engraulis","Engraulis encrasicolus","Engraulis encrasicolus","Anchovy",0,"Current","Spain",27,"Imported from ICES data dump covering 2011-2018","1",NA,"0.8 for age 1 and at 1.2 for older individuals ",NA,NA,1987,2016,1987,2015,1987,2015,2015,2.5,2015,2014,"WGHANSA-ANCHOBAYB-1986-2016-ICESIMP2018_2015","WGHANSA-ANCHOBAYB-1986-2016-ICESIMP2018_2014",NA,NA,"SSB-MT","MT",NA,NA,NA,NA,NA,NA,NA,NA,NA,NA,NA,NA,"ERbest-ratio","ratio",NA,NA,NA,NA,NA,NA,NA,NA,NA,NA,NA,NA,NA,NA,NA,NA,NA,NA,21000,NA,89000,"SSBtarget-MT","",4,"N",0
"Europe (EU)","WGHANSA-ANCHOBAYB-1986-2015-ICESIMP2016","ANCHOBAYB","ICES","WGHANSA","1986-2015",1986,2015,"http://www.ices.dk/sites/pub/Publication Reports/Advice/2015/2015/ane-bisc.pdf","Two-stage Bayesian biomass dynamic model (CBBM)","Unknown","Unknown","multinational","Bay of Biscay","multinational-ICES-VIII","Anchovy Bay of Biscay","Actinopterygii","Clupeiformes","Engraulidae","Engraulis","Engraulis encrasicolus","Engraulis encrasicolus","Anchovy",0,"Current","Spain",27,"Imported from ICES data dump covering 2011-2016",NA,NA,NA,NA,NA,1987,2015,1987,2015,1987,2015,2015,2.5,2015,2014,"WGHANSA-ANCHOBAYB-1986-2015-ICESIMP2016_2015","WGHANSA-ANCHOBAYB-1986-2015-ICESIMP2016_2014",NA,NA,"SSB-MT","MT",NA,NA,NA,NA,NA,NA,NA,NA,NA,NA,NA,NA,"ERbest-ratio","ratio",NA,NA,NA,NA,NA,NA,NA,NA,NA,NA,NA,NA,NA,NA,NA,NA,NA,NA,NA,NA,NA,NA,NA,5,"N",2
"Europe (EU)","WGHANSA-ANCHOBAYB-1986-2017-ICESIMP2018","ANCHOBAYB","ICES","WGHANSA","1986-2017",1986,2017,"http://www.ices.dk/sites/pub/Publication Reports/Advice/2017/2017/ane.27.8.pdf","Two-stage Bayesian biomass dynamic model (CBBM)","Unknown","Unknown","multinational","Bay of Biscay","multinational-ICES-VIII","Anchovy Bay of Biscay","Actinopterygii","Clupeiformes","Engraulidae","Engraulis","Engraulis encrasicolus","Engraulis encrasicolus","Anchovy",999,"Current","Spain",27,"Imported from ICES data dump covering 2011-2018",NA,NA,NA,NA,NA,1987,2017,1987,2017,1987,2017,2017,1,2015,2014,"WGHANSA-ANCHOBAYB-1986-2017-ICESIMP2018_2015","WGHANSA-ANCHOBAYB-1986-2017-ICESIMP2018_2014",NA,NA,"SSB-MT","MT",NA,NA,NA,NA,NA,NA,NA,NA,NA,NA,NA,NA,"ERbest-ratio","ratio",NA,NA,NA,NA,NA,NA,NA,NA,NA,NA,NA,NA,NA,NA,NA,NA,NA,NA,NA,NA,89000,"SSBtarget-MT",NA,5,"N",2
"Europe (EU)","WGHANSA-ANCHOBAYB-1986-2016-ICESIMP2018","ANCHOBAYB","ICES","WGHANSA","1986-2016",1986,2016,"http://www.ices.dk/sites/pub/Publication Reports/Advice/2015/2015/ane-bisc.pdf","Two-stage Bayesian biomass dynamic model (CBBM)","Unknown","Two-stage Bayesian biomass dynamic model (CBBM) assessment","multinational","Bay of Biscay","multinational-ICES-VIII","Anchovy Bay of Biscay","Actinopterygii","Clupeiformes","Engraulidae","Engraulis","Engraulis encrasicolus","Engraulis encrasicolus","Anchovy",0,"Current","Spain",27,"Imported from ICES data dump covering 2011-2018","1",NA,"0.8 for age 1 and at 1.2 for older individuals ",NA,NA,1987,2016,1987,2015,1987,2015,2015,2.5,2015,2014,"WGHANSA-ANCHOBAYB-1986-2016-ICESIMP2018_2015","WGHANSA-ANCHOBAYB-1986-2016-ICESIMP2018_2014",NA,NA,"SSB-MT","MT",NA,NA,NA,NA,NA,NA,NA,NA,NA,NA,NA,NA,"ERbest-ratio","ratio",NA,NA,NA,NA,NA,NA,NA,NA,NA,NA,NA,NA,NA,NA,NA,NA,NA,NA,21000,NA,89000,"SSBtarget-MT","",6,"N",2
"Europe (EU)","WGHANSA-ANCHOBAYB-1986-2017-ICESIMP2018","ANCHOBAYB","ICES","WGHANSA","1986-2017",1986,2017,"http://www.ices.dk/sites/pub/Publication Reports/Advice/2017/2017/ane.27.8.pdf","Two-stage Bayesian biomass dynamic model (CBBM)","Unknown","Unknown","multinational","Bay of Biscay","multinational-ICES-VIII","Anchovy Bay of Biscay","Actinopterygii","Clupeiformes","Engraulidae","Engraulis","Engraulis encrasicolus","Engraulis encrasicolus","Anchovy",999,"Current","Spain",27,"Imported from ICES data dump covering 2011-2018",NA,NA,NA,NA,NA,1987,2017,1987,2017,1987,2017,2017,1,2015,2014,"WGHANSA-ANCHOBAYB-1986-2017-ICESIMP2018_2015","WGHANSA-ANCHOBAYB-1986-2017-ICESIMP2018_2014",NA,NA,"SSB-MT","MT",NA,NA,NA,NA,NA,NA,NA,NA,NA,NA,NA,NA,"ERbest-ratio","ratio",NA,NA,NA,NA,NA,NA,NA,NA,NA,NA,NA,NA,NA,NA,NA,NA,NA,NA,NA,NA,89000,"SSBtarget-MT",NA,6,"N",2
"Europe (EU)","WGNSSK-NPOUTIIIa-IV-1983-2011-NEUBAUER","NPOUTIIIa-IV","ICES","WGNSSK","1983-2011",1983,2011,"http://www.ices.dk/reports/ACOM/2011/WGNSSK/Sec%2005%20Norway%20Pout%20in%20Subarea%20IV%20and%20Division%20IIIa.pdf","VPA","SXSA","Seasonal XSA","multinational","ICES 3a-4","multinational-ICES-IIIa-IV","Norway pout ICES 3a-4","Actinopterygii","Gadiformes","Gadidae","Trisopterus","Trisopterus esmarkii","Trisopterus esmarkii","Norway pout",0,"Current","Denmark",27,"NULL",NA,NA,NA,NA,NA,1983,2011,1983,2010,1983,2010,2010,4,2010,2009,"WGNSSK-NPOUTIIIa-IV-1983-2011-NEUBAUER_2010","WGNSSK-NPOUTIIIa-IV-1983-2011-NEUBAUER_2009",289000,176000,"SSB-MT","MT",NA,NA,NA,NA,NA,NA,289000,176000,NA,NA,0.189,0.136,"ERbest-ratio","ratio",0.189,0.136,0.189,0.136,0.525,0.143,NA,NA,NA,NA,NA,NA,NA,NA,NA,NA,NA,NA,NA,NA,NA,NA,NA,1,"N",2
"Europe (EU)","WGNSSK-NPOUTIIIa-IV-1983-2013-ICESIMP2016","NPOUTIIIa-IV","ICES","WGNSSK","1983-2013",1983,2013,"http://www.ices.dk/sites/pub/Publication%20Reports/Advice/2013/2013/nop-34%20june.pdf","Age-based analytical (seasonal XSA, SXSA)","Unknown","Age-based analytical (seasonal XSA, SXSA)","multinational","ICES 3a-4","multinational-ICES-IIIa-IV","Norway pout ICES 3a-4","Actinopterygii","Gadiformes","Gadidae","Trisopterus","Trisopterus esmarkii","Trisopterus esmarkii","Norway pout",0,"Current","Denmark",27,"Imported from ICES data dump covering 2011-2016",NA,NA,NA,NA,NA,1983,2013,1983,2012,1983,2012,2012,3,2010,2009,"WGNSSK-NPOUTIIIa-IV-1983-2013-ICESIMP2016_2010","WGNSSK-NPOUTIIIa-IV-1983-2013-ICESIMP2016_2009",356000,219000,"SSB-MT","MT",819000,882000,819000,882000,NA,NA,356000,219000,NA,NA,0.153846153846154,0.0617913832199547,"ERbest-ratio","ratio",0.153846153846154,0.0617913832199547,NA,NA,0.409,0.246,NA,NA,NA,NA,NA,NA,NA,NA,NA,NA,NA,NA,150000,NA,150000,"SSBtrigmsy-MT","",1,"N",2
"Europe (EU)","WGNSSK-NPOUTIIIa-IV-1983-2011-NEUBAUER","NPOUTIIIa-IV","ICES","WGNSSK","1983-2011",1983,2011,"http://www.ices.dk/reports/ACOM/2011/WGNSSK/Sec%2005%20Norway%20Pout%20in%20Subarea%20IV%20and%20Division%20IIIa.pdf","VPA","SXSA","Seasonal XSA","multinational","ICES 3a-4","multinational-ICES-IIIa-IV","Norway pout ICES 3a-4","Actinopterygii","Gadiformes","Gadidae","Trisopterus","Trisopterus esmarkii","Trisopterus esmarkii","Norway pout",0,"Current","Denmark",27,"NULL",NA,NA,NA,NA,NA,1983,2011,1983,2010,1983,2010,2010,4,2010,2009,"WGNSSK-NPOUTIIIa-IV-1983-2011-NEUBAUER_2010","WGNSSK-NPOUTIIIa-IV-1983-2011-NEUBAUER_2009",289000,176000,"SSB-MT","MT",NA,NA,NA,NA,NA,NA,289000,176000,NA,NA,0.189,0.136,"ERbest-ratio","ratio",0.189,0.136,0.189,0.136,0.525,0.143,NA,NA,NA,NA,NA,NA,NA,NA,NA,NA,NA,NA,NA,NA,NA,NA,NA,2,"N",3
"Europe (EU)","WGNSSK-NPOUTIIIa-IV-1983-2014-ICESIMP2016","NPOUTIIIa-IV","ICES","WGNSSK","1983-2014",1983,2014,"http://www.ices.dk/sites/pub/Publication Reports/Advice/2014/2014/Nop-34-june.pdf","Age-based analytical (seasonal XSA, SXSA)","Unknown","Age-based analytical (seasonal XSA, SXSA)","multinational","ICES 3a-4","multinational-ICES-IIIa-IV","Norway pout ICES 3a-4","Actinopterygii","Gadiformes","Gadidae","Trisopterus","Trisopterus esmarkii","Trisopterus esmarkii","Norway pout",0,"Current","Denmark",27,"Imported from ICES data dump covering 2011-2016",NA,NA,NA,NA,NA,1983,2014,1983,2013,1983,2013,2013,2,2010,2009,"WGNSSK-NPOUTIIIa-IV-1983-2014-ICESIMP2016_2010","WGNSSK-NPOUTIIIa-IV-1983-2014-ICESIMP2016_2009",358000,219000,"SSB-MT","MT",821000,886000,821000,886000,NA,NA,358000,219000,NA,NA,0.15347137637028,0.0615124153498871,"ERbest-ratio","ratio",0.15347137637028,0.0615124153498871,NA,NA,0.406,0.246,NA,NA,NA,NA,NA,NA,NA,NA,NA,NA,NA,NA,150000,NA,150000,"SSBtrigmsy-MT","",2,"N",3
"Europe (EU)","WGNSSK-NPOUTIIIa-IV-1983-2011-NEUBAUER","NPOUTIIIa-IV","ICES","WGNSSK","1983-2011",1983,2011,"http://www.ices.dk/reports/ACOM/2011/WGNSSK/Sec%2005%20Norway%20Pout%20in%20Subarea%20IV%20and%20Division%20IIIa.pdf","VPA","SXSA","Seasonal XSA","multinational","ICES 3a-4","multinational-ICES-IIIa-IV","Norway pout ICES 3a-4","Actinopterygii","Gadiformes","Gadidae","Trisopterus","Trisopterus esmarkii","Trisopterus esmarkii","Norway pout",0,"Current","Denmark",27,"NULL",NA,NA,NA,NA,NA,1983,2011,1983,2010,1983,2010,2010,4,2010,2009,"WGNSSK-NPOUTIIIa-IV-1983-2011-NEUBAUER_2010","WGNSSK-NPOUTIIIa-IV-1983-2011-NEUBAUER_2009",289000,176000,"SSB-MT","MT",NA,NA,NA,NA,NA,NA,289000,176000,NA,NA,0.189,0.136,"ERbest-ratio","ratio",0.189,0.136,0.189,0.136,0.525,0.143,NA,NA,NA,NA,NA,NA,NA,NA,NA,NA,NA,NA,NA,NA,NA,NA,NA,3,"Y",7
"Europe (EU)","WGNSSK-NPOUTIIIa-IV-1984-2017-ICESIMP2018","NPOUTIIIa-IV","ICES","WGNSSK","1984-2017",1984,2017,"http://www.ices.dk/sites/pub/Publication Reports/Advice/2017/2017/nop.27.3a4.pdf","Age-based analytical assessment (quarterly SAM model) ","Unknown","Age-based analytical assessment (quarterly SAM model) ","multinational","ICES 3a-4","multinational-ICES-IIIa-IV","Norway pout ICES 3a-4","Actinopterygii","Gadiformes","Gadidae","Trisopterus","Trisopterus esmarkii","Trisopterus esmarkii","Norway pout",999,"Current","Denmark",27,"Imported from ICES data dump covering 2011-2018",NA,NA,NA,NA,NA,1984,2017,1984,2017,1984,2017,2017,1,2010,2009,"WGNSSK-NPOUTIIIa-IV-1984-2017-ICESIMP2018_2010","WGNSSK-NPOUTIIIa-IV-1984-2017-ICESIMP2018_2009",219000,133000,"SSB-MT","MT",551000,391000,551000,391000,NA,NA,219000,133000,NA,NA,0.237749546279492,0.117135549872123,"ERbest-ratio","ratio",0.237749546279492,0.117135549872123,NA,NA,0.127,0.116,NA,NA,NA,NA,NA,NA,NA,NA,NA,NA,NA,NA,65000,NA,65000,"SSBpa-MT","",3,"Y",7
"Europe (EU)","WGNSSK-NPOUTIIIa-IV-1983-2013-ICESIMP2016","NPOUTIIIa-IV","ICES","WGNSSK","1983-2013",1983,2013,"http://www.ices.dk/sites/pub/Publication%20Reports/Advice/2013/2013/nop-34%20june.pdf","Age-based analytical (seasonal XSA, SXSA)","Unknown","Age-based analytical (seasonal XSA, SXSA)","multinational","ICES 3a-4","multinational-ICES-IIIa-IV","Norway pout ICES 3a-4","Actinopterygii","Gadiformes","Gadidae","Trisopterus","Trisopterus esmarkii","Trisopterus esmarkii","Norway pout",0,"Current","Denmark",27,"Imported from ICES data dump covering 2011-2016",NA,NA,NA,NA,NA,1983,2013,1983,2012,1983,2012,2012,3,2012,2011,"WGNSSK-NPOUTIIIa-IV-1983-2013-ICESIMP2016_2012","WGNSSK-NPOUTIIIa-IV-1983-2013-ICESIMP2016_2011",NA,NA,"SSB-MT","MT",NA,NA,NA,NA,NA,NA,NA,NA,NA,NA,NA,NA,"ERbest-ratio","ratio",NA,NA,NA,NA,NA,NA,NA,NA,NA,NA,NA,NA,NA,NA,NA,NA,NA,NA,150000,NA,150000,"SSBtrigmsy-MT","",4,"N",1
"Europe (EU)","WGNSSK-NPOUTIIIa-IV-1983-2014-ICESIMP2016","NPOUTIIIa-IV","ICES","WGNSSK","1983-2014",1983,2014,"http://www.ices.dk/sites/pub/Publication Reports/Advice/2014/2014/Nop-34-june.pdf","Age-based analytical (seasonal XSA, SXSA)","Unknown","Age-based analytical (seasonal XSA, SXSA)","multinational","ICES 3a-4","multinational-ICES-IIIa-IV","Norway pout ICES 3a-4","Actinopterygii","Gadiformes","Gadidae","Trisopterus","Trisopterus esmarkii","Trisopterus esmarkii","Norway pout",0,"Current","Denmark",27,"Imported from ICES data dump covering 2011-2016",NA,NA,NA,NA,NA,1983,2014,1983,2013,1983,2013,2013,2,2012,2011,"WGNSSK-NPOUTIIIa-IV-1983-2014-ICESIMP2016_2012","WGNSSK-NPOUTIIIa-IV-1983-2014-ICESIMP2016_2011",NA,NA,"SSB-MT","MT",NA,NA,NA,NA,NA,NA,NA,NA,NA,NA,NA,NA,"ERbest-ratio","ratio",NA,NA,NA,NA,NA,NA,NA,NA,NA,NA,NA,NA,NA,NA,NA,NA,NA,NA,150000,NA,150000,"SSBtrigmsy-MT","",4,"N",1
"Europe (EU)","WGNSSK-NPOUTIIIa-IV-1983-2013-ICESIMP2016","NPOUTIIIa-IV","ICES","WGNSSK","1983-2013",1983,2013,"http://www.ices.dk/sites/pub/Publication%20Reports/Advice/2013/2013/nop-34%20june.pdf","Age-based analytical (seasonal XSA, SXSA)","Unknown","Age-based analytical (seasonal XSA, SXSA)","multinational","ICES 3a-4","multinational-ICES-IIIa-IV","Norway pout ICES 3a-4","Actinopterygii","Gadiformes","Gadidae","Trisopterus","Trisopterus esmarkii","Trisopterus esmarkii","Norway pout",0,"Current","Denmark",27,"Imported from ICES data dump covering 2011-2016",NA,NA,NA,NA,NA,1983,2013,1983,2012,1983,2012,2012,3,2012,2011,"WGNSSK-NPOUTIIIa-IV-1983-2013-ICESIMP2016_2012","WGNSSK-NPOUTIIIa-IV-1983-2013-ICESIMP2016_2011",NA,NA,"SSB-MT","MT",NA,NA,NA,NA,NA,NA,NA,NA,NA,NA,NA,NA,"ERbest-ratio","ratio",NA,NA,NA,NA,NA,NA,NA,NA,NA,NA,NA,NA,NA,NA,NA,NA,NA,NA,150000,NA,150000,"SSBtrigmsy-MT","",5,"N",5
"Europe (EU)","WGNSSK-NPOUTIIIa-IV-1984-2017-ICESIMP2018","NPOUTIIIa-IV","ICES","WGNSSK","1984-2017",1984,2017,"http://www.ices.dk/sites/pub/Publication Reports/Advice/2017/2017/nop.27.3a4.pdf","Age-based analytical assessment (quarterly SAM model) ","Unknown","Age-based analytical assessment (quarterly SAM model) ","multinational","ICES 3a-4","multinational-ICES-IIIa-IV","Norway pout ICES 3a-4","Actinopterygii","Gadiformes","Gadidae","Trisopterus","Trisopterus esmarkii","Trisopterus esmarkii","Norway pout",999,"Current","Denmark",27,"Imported from ICES data dump covering 2011-2018",NA,NA,NA,NA,NA,1984,2017,1984,2017,1984,2017,2017,1,2012,2011,"WGNSSK-NPOUTIIIa-IV-1984-2017-ICESIMP2018_2012","WGNSSK-NPOUTIIIa-IV-1984-2017-ICESIMP2018_2011",NA,NA,"SSB-MT","MT",NA,NA,NA,NA,NA,NA,NA,NA,NA,NA,NA,NA,"ERbest-ratio","ratio",NA,NA,NA,NA,NA,NA,NA,NA,NA,NA,NA,NA,NA,NA,NA,NA,NA,NA,65000,NA,65000,"SSBpa-MT","",5,"N",5
"Europe (EU)","WGNSSK-NPOUTIIIa-IV-1983-2014-ICESIMP2016","NPOUTIIIa-IV","ICES","WGNSSK","1983-2014",1983,2014,"http://www.ices.dk/sites/pub/Publication Reports/Advice/2014/2014/Nop-34-june.pdf","Age-based analytical (seasonal XSA, SXSA)","Unknown","Age-based analytical (seasonal XSA, SXSA)","multinational","ICES 3a-4","multinational-ICES-IIIa-IV","Norway pout ICES 3a-4","Actinopterygii","Gadiformes","Gadidae","Trisopterus","Trisopterus esmarkii","Trisopterus esmarkii","Norway pout",0,"Current","Denmark",27,"Imported from ICES data dump covering 2011-2016",NA,NA,NA,NA,NA,1983,2014,1983,2013,1983,2013,2013,2,2013,2012,"WGNSSK-NPOUTIIIa-IV-1983-2014-ICESIMP2016_2013","WGNSSK-NPOUTIIIa-IV-1983-2014-ICESIMP2016_2012",NA,NA,"SSB-MT","MT",NA,NA,NA,NA,NA,NA,NA,NA,NA,NA,NA,NA,"ERbest-ratio","ratio",NA,NA,NA,NA,NA,NA,NA,NA,NA,NA,NA,NA,NA,NA,NA,NA,NA,NA,150000,NA,150000,"SSBtrigmsy-MT","",6,"N",4
"Europe (EU)","WGNSSK-NPOUTIIIa-IV-1984-2017-ICESIMP2018","NPOUTIIIa-IV","ICES","WGNSSK","1984-2017",1984,2017,"http://www.ices.dk/sites/pub/Publication Reports/Advice/2017/2017/nop.27.3a4.pdf","Age-based analytical assessment (quarterly SAM model) ","Unknown","Age-based analytical assessment (quarterly SAM model) ","multinational","ICES 3a-4","multinational-ICES-IIIa-IV","Norway pout ICES 3a-4","Actinopterygii","Gadiformes","Gadidae","Trisopterus","Trisopterus esmarkii","Trisopterus esmarkii","Norway pout",999,"Current","Denmark",27,"Imported from ICES data dump covering 2011-2018",NA,NA,NA,NA,NA,1984,2017,1984,2017,1984,2017,2017,1,2013,2012,"WGNSSK-NPOUTIIIa-IV-1984-2017-ICESIMP2018_2013","WGNSSK-NPOUTIIIa-IV-1984-2017-ICESIMP2018_2012",NA,NA,"SSB-MT","MT",NA,NA,NA,NA,NA,NA,NA,NA,NA,NA,NA,NA,"ERbest-ratio","ratio",NA,NA,NA,NA,NA,NA,NA,NA,NA,NA,NA,NA,NA,NA,NA,NA,NA,NA,65000,NA,65000,"SSBpa-MT","",6,"N",4
"Europe (EU)","WGBFAS-PLAIC2123-1998-2015-ICESIMP2016","PLAIC2123","ICES","WGBFAS","1998-2015",1998,2015,"http://www.ices.dk/sites/pub/Publication Reports/Advice/2015/2015/ple-2123.pdf","Age-based analytical assessment (SAM)","Unknown","Age-based analytical assessment (SAM)","multinational","Subdivisions 21-23","multinational-ICES-2123","European plaice Subdivisions 21-23","Actinopterygii","Pleuronectiformes","Pleuronectidae","Pleuronectes","Pleuronectes platessa","Pleuronectes platessa","European plaice",0,"Current","Denmark",27,"Imported from ICES data dump covering 2011-2016","0.1",NA,"0.1 except for age 1, which has 0.2 ",NA,NA,1999,2015,1999,2014,1999,2014,2014,4,2014,2013,"WGBFAS-PLAIC2123-1998-2015-ICESIMP2016_2014","WGBFAS-PLAIC2123-1998-2015-ICESIMP2016_2013",NA,NA,"TBbest-MT","MT",NA,NA,NA,NA,NA,NA,NA,NA,NA,NA,NA,NA,"ERbest-ratio","ratio",NA,NA,NA,NA,NA,NA,NA,NA,NA,NA,0.37,"",0.37,"Fmsy-1/yr",NA,NA,NA,NA,5550,NA,5553,"SSBtrigmsy-MT","",1,"N",1
"Europe (EU)","WGBFAS-PLAIC2123-1998-2016-ICESIMP2016","PLAIC2123","ICES","WGBFAS","1998-2016",1998,2016,"http://www.ices.dk/sites/pub/Publication Reports/Advice/2016/2016/ple-2123.pdf","Age-based analytical assessment (SAM)","Unknown","Age-based analytical assessment (SAM)","multinational","Subdivisions 21-23","multinational-ICES-2123","European plaice Subdivisions 21-23","Actinopterygii","Pleuronectiformes","Pleuronectidae","Pleuronectes","Pleuronectes platessa","Pleuronectes platessa","European plaice",0,"Current","Denmark",27,"Imported from ICES data dump covering 2011-2016","0.1",NA,"0.1 except for age 1, which has 0.2 ",NA,NA,1999,2016,1999,2015,1999,2015,2015,3,2014,2013,"WGBFAS-PLAIC2123-1998-2016-ICESIMP2016_2014","WGBFAS-PLAIC2123-1998-2016-ICESIMP2016_2013",NA,NA,"TBbest-MT","MT",NA,NA,NA,NA,NA,NA,NA,NA,NA,NA,NA,NA,"ERbest-ratio","ratio",NA,NA,NA,NA,NA,NA,NA,NA,NA,NA,0.37,"",0.37,"Fmsy-1/yr",1.01,"",NA,NA,5550,NA,5553,"SSBtrigmsy-MT","",1,"N",1
"Europe (EU)","WGBFAS-PLAIC2123-1998-2015-ICESIMP2016","PLAIC2123","ICES","WGBFAS","1998-2015",1998,2015,"http://www.ices.dk/sites/pub/Publication Reports/Advice/2015/2015/ple-2123.pdf","Age-based analytical assessment (SAM)","Unknown","Age-based analytical assessment (SAM)","multinational","Subdivisions 21-23","multinational-ICES-2123","European plaice Subdivisions 21-23","Actinopterygii","Pleuronectiformes","Pleuronectidae","Pleuronectes","Pleuronectes platessa","Pleuronectes platessa","European plaice",0,"Current","Denmark",27,"Imported from ICES data dump covering 2011-2016","0.1",NA,"0.1 except for age 1, which has 0.2 ",NA,NA,1999,2015,1999,2014,1999,2014,2014,4,2014,2013,"WGBFAS-PLAIC2123-1998-2015-ICESIMP2016_2014","WGBFAS-PLAIC2123-1998-2015-ICESIMP2016_2013",NA,NA,"TBbest-MT","MT",NA,NA,NA,NA,NA,NA,NA,NA,NA,NA,NA,NA,"ERbest-ratio","ratio",NA,NA,NA,NA,NA,NA,NA,NA,NA,NA,0.37,"",0.37,"Fmsy-1/yr",NA,NA,NA,NA,5550,NA,5553,"SSBtrigmsy-MT","",2,"N",2
"Europe (EU)","WGBFAS-PLAIC2123-1998-2017-ICESIMP2018","PLAIC2123","ICES","WGBFAS","1998-2017",1998,2017,"http://www.ices.dk/sites/pub/Publication Reports/Advice/2017/2017/ple.27.21-23.pdf","Age-based analytical assessment (SAM)","Unknown","Age-based analytical assessment (SAM)","multinational","Subdivisions 21-23","multinational-ICES-2123","European plaice Subdivisions 21-23","Actinopterygii","Pleuronectiformes","Pleuronectidae","Pleuronectes","Pleuronectes platessa","Pleuronectes platessa","European plaice",0,"Current","Denmark",27,"Imported from ICES data dump covering 2011-2018","0.1",NA,"0.1 except for age 1, which has 0.2 ",NA,NA,1999,2017,1999,2016,1999,2016,2016,2,2014,2013,"WGBFAS-PLAIC2123-1998-2017-ICESIMP2018_2014","WGBFAS-PLAIC2123-1998-2017-ICESIMP2018_2013",NA,NA,"TBbest-MT","MT",NA,NA,NA,NA,NA,NA,NA,NA,NA,NA,NA,NA,"ERbest-ratio","ratio",NA,NA,NA,NA,NA,NA,NA,NA,NA,NA,0.37,"",0.37,"Fmsy-1/yr",1.01,"",NA,NA,5550,NA,5550,"SSBtrigmsy-MT","",2,"N",2
"Europe (EU)","WGBFAS-PLAIC2123-1998-2015-ICESIMP2016","PLAIC2123","ICES","WGBFAS","1998-2015",1998,2015,"http://www.ices.dk/sites/pub/Publication Reports/Advice/2015/2015/ple-2123.pdf","Age-based analytical assessment (SAM)","Unknown","Age-based analytical assessment (SAM)","multinational","Subdivisions 21-23","multinational-ICES-2123","European plaice Subdivisions 21-23","Actinopterygii","Pleuronectiformes","Pleuronectidae","Pleuronectes","Pleuronectes platessa","Pleuronectes platessa","European plaice",0,"Current","Denmark",27,"Imported from ICES data dump covering 2011-2016","0.1",NA,"0.1 except for age 1, which has 0.2 ",NA,NA,1999,2015,1999,2014,1999,2014,2014,4,2014,2013,"WGBFAS-PLAIC2123-1998-2015-ICESIMP2016_2014","WGBFAS-PLAIC2123-1998-2015-ICESIMP2016_2013",NA,NA,"TBbest-MT","MT",NA,NA,NA,NA,NA,NA,NA,NA,NA,NA,NA,NA,"ERbest-ratio","ratio",NA,NA,NA,NA,NA,NA,NA,NA,NA,NA,0.37,"",0.37,"Fmsy-1/yr",NA,NA,NA,NA,5550,NA,5553,"SSBtrigmsy-MT","",3,"N",3
"Europe (EU)","WGBFAS-PLAIC2123-1998-2018-ICESIMP2018","PLAIC2123","ICES","WGBFAS","1998-2018",1998,2018,"","Age-based analytical assessment (SAM)","Unknown","Age-based analytical assessment (SAM)","multinational","Subdivisions 21-23","multinational-ICES-2123","European plaice Subdivisions 21-23","Actinopterygii","Pleuronectiformes","Pleuronectidae","Pleuronectes","Pleuronectes platessa","Pleuronectes platessa","European plaice",999,"Current","Denmark",27,"Imported from ICES data dump covering 2011-2018","0.1",NA,"0.1 except for age 1, which has 0.2 ",NA,NA,1999,2018,1999,2017,1999,2017,2017,1,2014,2013,"WGBFAS-PLAIC2123-1998-2018-ICESIMP2018_2014","WGBFAS-PLAIC2123-1998-2018-ICESIMP2018_2013",NA,NA,"TBbest-MT","MT",NA,NA,NA,NA,NA,NA,NA,NA,NA,NA,NA,NA,"ERbest-ratio","ratio",NA,NA,NA,NA,NA,NA,NA,NA,NA,NA,0.37,"",0.37,"Fmsy-1/yr",1.01,"",NA,NA,5550,NA,5550,"SSBtrigmsy-MT","",3,"N",3
"Europe (EU)","WGBFAS-PLAIC2123-1998-2016-ICESIMP2016","PLAIC2123","ICES","WGBFAS","1998-2016",1998,2016,"http://www.ices.dk/sites/pub/Publication Reports/Advice/2016/2016/ple-2123.pdf","Age-based analytical assessment (SAM)","Unknown","Age-based analytical assessment (SAM)","multinational","Subdivisions 21-23","multinational-ICES-2123","European plaice Subdivisions 21-23","Actinopterygii","Pleuronectiformes","Pleuronectidae","Pleuronectes","Pleuronectes platessa","Pleuronectes platessa","European plaice",0,"Current","Denmark",27,"Imported from ICES data dump covering 2011-2016","0.1",NA,"0.1 except for age 1, which has 0.2 ",NA,NA,1999,2016,1999,2015,1999,2015,2015,3,2015,2014,"WGBFAS-PLAIC2123-1998-2016-ICESIMP2016_2015","WGBFAS-PLAIC2123-1998-2016-ICESIMP2016_2014",NA,NA,"TBbest-MT","MT",NA,NA,NA,NA,NA,NA,NA,NA,NA,NA,NA,NA,"ERbest-ratio","ratio",NA,NA,NA,NA,NA,NA,NA,NA,NA,NA,0.37,"",0.37,"Fmsy-1/yr",1.01,"",NA,NA,5550,NA,5553,"SSBtrigmsy-MT","",4,"N",1
"Europe (EU)","WGBFAS-PLAIC2123-1998-2017-ICESIMP2018","PLAIC2123","ICES","WGBFAS","1998-2017",1998,2017,"http://www.ices.dk/sites/pub/Publication Reports/Advice/2017/2017/ple.27.21-23.pdf","Age-based analytical assessment (SAM)","Unknown","Age-based analytical assessment (SAM)","multinational","Subdivisions 21-23","multinational-ICES-2123","European plaice Subdivisions 21-23","Actinopterygii","Pleuronectiformes","Pleuronectidae","Pleuronectes","Pleuronectes platessa","Pleuronectes platessa","European plaice",0,"Current","Denmark",27,"Imported from ICES data dump covering 2011-2018","0.1",NA,"0.1 except for age 1, which has 0.2 ",NA,NA,1999,2017,1999,2016,1999,2016,2016,2,2015,2014,"WGBFAS-PLAIC2123-1998-2017-ICESIMP2018_2015","WGBFAS-PLAIC2123-1998-2017-ICESIMP2018_2014",NA,NA,"TBbest-MT","MT",NA,NA,NA,NA,NA,NA,NA,NA,NA,NA,NA,NA,"ERbest-ratio","ratio",NA,NA,NA,NA,NA,NA,NA,NA,NA,NA,0.37,"",0.37,"Fmsy-1/yr",1.01,"",NA,NA,5550,NA,5550,"SSBtrigmsy-MT","",4,"N",1
"Europe (EU)","WGBFAS-PLAIC2123-1998-2016-ICESIMP2016","PLAIC2123","ICES","WGBFAS","1998-2016",1998,2016,"http://www.ices.dk/sites/pub/Publication Reports/Advice/2016/2016/ple-2123.pdf","Age-based analytical assessment (SAM)","Unknown","Age-based analytical assessment (SAM)","multinational","Subdivisions 21-23","multinational-ICES-2123","European plaice Subdivisions 21-23","Actinopterygii","Pleuronectiformes","Pleuronectidae","Pleuronectes","Pleuronectes platessa","Pleuronectes platessa","European plaice",0,"Current","Denmark",27,"Imported from ICES data dump covering 2011-2016","0.1",NA,"0.1 except for age 1, which has 0.2 ",NA,NA,1999,2016,1999,2015,1999,2015,2015,3,2015,2014,"WGBFAS-PLAIC2123-1998-2016-ICESIMP2016_2015","WGBFAS-PLAIC2123-1998-2016-ICESIMP2016_2014",NA,NA,"TBbest-MT","MT",NA,NA,NA,NA,NA,NA,NA,NA,NA,NA,NA,NA,"ERbest-ratio","ratio",NA,NA,NA,NA,NA,NA,NA,NA,NA,NA,0.37,"",0.37,"Fmsy-1/yr",1.01,"",NA,NA,5550,NA,5553,"SSBtrigmsy-MT","",5,"N",2
"Europe (EU)","WGBFAS-PLAIC2123-1998-2018-ICESIMP2018","PLAIC2123","ICES","WGBFAS","1998-2018",1998,2018,"","Age-based analytical assessment (SAM)","Unknown","Age-based analytical assessment (SAM)","multinational","Subdivisions 21-23","multinational-ICES-2123","European plaice Subdivisions 21-23","Actinopterygii","Pleuronectiformes","Pleuronectidae","Pleuronectes","Pleuronectes platessa","Pleuronectes platessa","European plaice",999,"Current","Denmark",27,"Imported from ICES data dump covering 2011-2018","0.1",NA,"0.1 except for age 1, which has 0.2 ",NA,NA,1999,2018,1999,2017,1999,2017,2017,1,2015,2014,"WGBFAS-PLAIC2123-1998-2018-ICESIMP2018_2015","WGBFAS-PLAIC2123-1998-2018-ICESIMP2018_2014",NA,NA,"TBbest-MT","MT",NA,NA,NA,NA,NA,NA,NA,NA,NA,NA,NA,NA,"ERbest-ratio","ratio",NA,NA,NA,NA,NA,NA,NA,NA,NA,NA,0.37,"",0.37,"Fmsy-1/yr",1.01,"",NA,NA,5550,NA,5550,"SSBtrigmsy-MT","",5,"N",2
"Europe (EU)","WGBFAS-PLAIC2123-1998-2017-ICESIMP2018","PLAIC2123","ICES","WGBFAS","1998-2017",1998,2017,"http://www.ices.dk/sites/pub/Publication Reports/Advice/2017/2017/ple.27.21-23.pdf","Age-based analytical assessment (SAM)","Unknown","Age-based analytical assessment (SAM)","multinational","Subdivisions 21-23","multinational-ICES-2123","European plaice Subdivisions 21-23","Actinopterygii","Pleuronectiformes","Pleuronectidae","Pleuronectes","Pleuronectes platessa","Pleuronectes platessa","European plaice",0,"Current","Denmark",27,"Imported from ICES data dump covering 2011-2018","0.1",NA,"0.1 except for age 1, which has 0.2 ",NA,NA,1999,2017,1999,2016,1999,2016,2016,2,2016,2015,"WGBFAS-PLAIC2123-1998-2017-ICESIMP2018_2016","WGBFAS-PLAIC2123-1998-2017-ICESIMP2018_2015",NA,NA,"TBbest-MT","MT",NA,NA,NA,NA,NA,NA,NA,NA,NA,NA,NA,NA,"ERbest-ratio","ratio",NA,NA,NA,NA,NA,NA,NA,NA,NA,NA,0.37,"",0.37,"Fmsy-1/yr",1.01,"",NA,NA,5550,NA,5550,"SSBtrigmsy-MT","",6,"N",1
"Europe (EU)","WGBFAS-PLAIC2123-1998-2018-ICESIMP2018","PLAIC2123","ICES","WGBFAS","1998-2018",1998,2018,"","Age-based analytical assessment (SAM)","Unknown","Age-based analytical assessment (SAM)","multinational","Subdivisions 21-23","multinational-ICES-2123","European plaice Subdivisions 21-23","Actinopterygii","Pleuronectiformes","Pleuronectidae","Pleuronectes","Pleuronectes platessa","Pleuronectes platessa","European plaice",999,"Current","Denmark",27,"Imported from ICES data dump covering 2011-2018","0.1",NA,"0.1 except for age 1, which has 0.2 ",NA,NA,1999,2018,1999,2017,1999,2017,2017,1,2016,2015,"WGBFAS-PLAIC2123-1998-2018-ICESIMP2018_2016","WGBFAS-PLAIC2123-1998-2018-ICESIMP2018_2015",NA,NA,"TBbest-MT","MT",NA,NA,NA,NA,NA,NA,NA,NA,NA,NA,NA,NA,"ERbest-ratio","ratio",NA,NA,NA,NA,NA,NA,NA,NA,NA,NA,0.37,"",0.37,"Fmsy-1/yr",1.01,"",NA,NA,5550,NA,5550,"SSBtrigmsy-MT","",6,"N",1
"Europe (EU)","WGHANSA-SARDPVIIIc-IXa-1978-2014-ICESIMP2016","SARDPVIIIc-IXa","ICES","WGHANSA","1978-2014",1978,2014,"http://www.ices.dk/sites/pub/Publication Reports/Advice/2014/2014/sar-soth.pdf","Age-based analytical assessment (SS3) ","Unknown","Age-based analytical assessment (SS3) ","multinational","ICES 8c-9a","multinational-ICES-VIIIc-IXa","Sardine ICES 8c-9a","Actinopterygii","Clupeiformes","Clupeidae","Sardina","Sardina pilchardus","Sardina pilchardus","European pilchard",0,"Current","Portugal",27,"Imported from ICES data dump covering 2011-2016",NA,NA,"natural mortalities from Gislason formula ",NA,NA,1978,2014,1978,2013,1978,2013,2013,5,2013,2012,"WGHANSA-SARDPVIIIc-IXa-1978-2014-ICESIMP2016_2013","WGHANSA-SARDPVIIIc-IXa-1978-2014-ICESIMP2016_2012",NA,NA,"TBbest-MT","MT",NA,NA,NA,NA,NA,NA,NA,NA,NA,NA,NA,NA,"F-1/yr","1/yr",NA,NA,NA,NA,NA,NA,NA,NA,NA,NA,NA,NA,NA,NA,NA,NA,NA,NA,NA,NA,NA,NA,"",1,"N",1
"Europe (EU)","WGHANSA-SARDPVIIIc-IXa-1978-2015-ICESIMP2016","SARDPVIIIc-IXa","ICES","WGHANSA","1978-2015",1978,2015,"http://www.ices.dk/sites/pub/Publication Reports/Advice/2015/2015/sar-soth.pdf","Age-based analytical assessment (SS3) ","Unknown","Age-based analytical assessment (SS3) ","multinational","ICES 8c-9a","multinational-ICES-VIIIc-IXa","Sardine ICES 8c-9a","Actinopterygii","Clupeiformes","Clupeidae","Sardina","Sardina pilchardus","Sardina pilchardus","European pilchard",0,"Current","Portugal",27,"Imported from ICES data dump covering 2011-2016",NA,NA,"natural mortalities from Gislason formula ",NA,NA,1978,2015,1978,2014,1978,2014,2014,4,2013,2012,"WGHANSA-SARDPVIIIc-IXa-1978-2015-ICESIMP2016_2013","WGHANSA-SARDPVIIIc-IXa-1978-2015-ICESIMP2016_2012",NA,NA,"TBbest-MT","MT",NA,NA,NA,NA,NA,NA,NA,NA,NA,NA,NA,NA,"F-1/yr","1/yr",NA,NA,NA,NA,NA,NA,NA,NA,NA,NA,NA,NA,0.23,"Fmp-1/yr",NA,NA,NA,NA,NA,NA,NA,NA,"",1,"N",1
"Europe (EU)","WGHANSA-SARDPVIIIc-IXa-1978-2014-ICESIMP2016","SARDPVIIIc-IXa","ICES","WGHANSA","1978-2014",1978,2014,"http://www.ices.dk/sites/pub/Publication Reports/Advice/2014/2014/sar-soth.pdf","Age-based analytical assessment (SS3) ","Unknown","Age-based analytical assessment (SS3) ","multinational","ICES 8c-9a","multinational-ICES-VIIIc-IXa","Sardine ICES 8c-9a","Actinopterygii","Clupeiformes","Clupeidae","Sardina","Sardina pilchardus","Sardina pilchardus","European pilchard",0,"Current","Portugal",27,"Imported from ICES data dump covering 2011-2016",NA,NA,"natural mortalities from Gislason formula ",NA,NA,1978,2014,1978,2013,1978,2013,2013,5,2013,2012,"WGHANSA-SARDPVIIIc-IXa-1978-2014-ICESIMP2016_2013","WGHANSA-SARDPVIIIc-IXa-1978-2014-ICESIMP2016_2012",NA,NA,"TBbest-MT","MT",NA,NA,NA,NA,NA,NA,NA,NA,NA,NA,NA,NA,"F-1/yr","1/yr",NA,NA,NA,NA,NA,NA,NA,NA,NA,NA,NA,NA,NA,NA,NA,NA,NA,NA,NA,NA,NA,NA,"",2,"N",2
"Europe (EU)","WGHANSA-SARDPVIIIc-IXa-1978-2016-ICESIMP2016","SARDPVIIIc-IXa","ICES","WGHANSA","1978-2016",1978,2016,"http://www.ices.dk/sites/pub/Publication Reports/Advice/2016/2016/sar-soth.pdf","Age-based analytical assessment (SS3) ","Unknown","Age-based analytical assessment (SS3) ","multinational","ICES 8c-9a","multinational-ICES-VIIIc-IXa","Sardine ICES 8c-9a","Actinopterygii","Clupeiformes","Clupeidae","Sardina","Sardina pilchardus","Sardina pilchardus","European pilchard",0,"Current","Portugal",27,"Imported from ICES data dump covering 2011-2016",NA,NA,"natural mortalities from Gislason formula ",NA,NA,1978,2016,1978,2015,1978,2015,2015,3,2013,2012,"WGHANSA-SARDPVIIIc-IXa-1978-2016-ICESIMP2016_2013","WGHANSA-SARDPVIIIc-IXa-1978-2016-ICESIMP2016_2012",NA,NA,"TBbest-MT","MT",NA,NA,NA,NA,NA,NA,NA,NA,NA,NA,NA,NA,"F-1/yr","1/yr",NA,NA,NA,NA,NA,NA,NA,NA,NA,NA,NA,NA,NA,NA,NA,NA,NA,NA,NA,NA,NA,NA,"",2,"N",2
"Europe (EU)","WGHANSA-SARDPVIIIc-IXa-1978-2014-ICESIMP2016","SARDPVIIIc-IXa","ICES","WGHANSA","1978-2014",1978,2014,"http://www.ices.dk/sites/pub/Publication Reports/Advice/2014/2014/sar-soth.pdf","Age-based analytical assessment (SS3) ","Unknown","Age-based analytical assessment (SS3) ","multinational","ICES 8c-9a","multinational-ICES-VIIIc-IXa","Sardine ICES 8c-9a","Actinopterygii","Clupeiformes","Clupeidae","Sardina","Sardina pilchardus","Sardina pilchardus","European pilchard",0,"Current","Portugal",27,"Imported from ICES data dump covering 2011-2016",NA,NA,"natural mortalities from Gislason formula ",NA,NA,1978,2014,1978,2013,1978,2013,2013,5,2013,2012,"WGHANSA-SARDPVIIIc-IXa-1978-2014-ICESIMP2016_2013","WGHANSA-SARDPVIIIc-IXa-1978-2014-ICESIMP2016_2012",NA,NA,"TBbest-MT","MT",NA,NA,NA,NA,NA,NA,NA,NA,NA,NA,NA,NA,"F-1/yr","1/yr",NA,NA,NA,NA,NA,NA,NA,NA,NA,NA,NA,NA,NA,NA,NA,NA,NA,NA,NA,NA,NA,NA,"",3,"N",3
"Europe (EU)","WGHANSA-SARDPVIIIc-IXa-1978-2017-ICESIMP2018","SARDPVIIIc-IXa","ICES","WGHANSA","1978-2017",1978,2017,"http://www.ices.dk/sites/pub/Publication Reports/Advice/2017/2017/pil.27.8c9a.pdf","Age-based analytical assessment (SS3) ","Unknown","Age-based analytical assessment (SS3) ","multinational","ICES 8c-9a","multinational-ICES-VIIIc-IXa","Sardine ICES 8c-9a","Actinopterygii","Clupeiformes","Clupeidae","Sardina","Sardina pilchardus","Sardina pilchardus","European pilchard",0,"Current","Portugal",27,"Imported from ICES data dump covering 2011-2018",NA,NA,"natural mortalities from Gislason formula ",NA,NA,1978,2017,1978,2016,1978,2016,2016,2,2013,2012,"WGHANSA-SARDPVIIIc-IXa-1978-2017-ICESIMP2018_2013","WGHANSA-SARDPVIIIc-IXa-1978-2017-ICESIMP2018_2012",NA,NA,"TBbest-MT","MT",NA,NA,NA,NA,NA,NA,NA,NA,NA,NA,NA,NA,"F-1/yr","1/yr",NA,NA,NA,NA,NA,NA,NA,NA,NA,NA,0.12,"",0.12,"Fmsy-1/yr",0.25,"",NA,NA,446331,NA,446331,"SSBtrigmsy-MT","",3,"N",3
"Europe (EU)","WGHANSA-SARDPVIIIc-IXa-1978-2015-ICESIMP2016","SARDPVIIIc-IXa","ICES","WGHANSA","1978-2015",1978,2015,"http://www.ices.dk/sites/pub/Publication Reports/Advice/2015/2015/sar-soth.pdf","Age-based analytical assessment (SS3) ","Unknown","Age-based analytical assessment (SS3) ","multinational","ICES 8c-9a","multinational-ICES-VIIIc-IXa","Sardine ICES 8c-9a","Actinopterygii","Clupeiformes","Clupeidae","Sardina","Sardina pilchardus","Sardina pilchardus","European pilchard",0,"Current","Portugal",27,"Imported from ICES data dump covering 2011-2016",NA,NA,"natural mortalities from Gislason formula ",NA,NA,1978,2015,1978,2014,1978,2014,2014,4,2014,2013,"WGHANSA-SARDPVIIIc-IXa-1978-2015-ICESIMP2016_2014","WGHANSA-SARDPVIIIc-IXa-1978-2015-ICESIMP2016_2013",NA,NA,"TBbest-MT","MT",NA,NA,NA,NA,NA,NA,NA,NA,NA,NA,NA,NA,"F-1/yr","1/yr",NA,NA,NA,NA,NA,NA,NA,NA,NA,NA,NA,NA,0.23,"Fmp-1/yr",NA,NA,NA,NA,NA,NA,NA,NA,"",4,"N",1
"Europe (EU)","WGHANSA-SARDPVIIIc-IXa-1978-2016-ICESIMP2016","SARDPVIIIc-IXa","ICES","WGHANSA","1978-2016",1978,2016,"http://www.ices.dk/sites/pub/Publication Reports/Advice/2016/2016/sar-soth.pdf","Age-based analytical assessment (SS3) ","Unknown","Age-based analytical assessment (SS3) ","multinational","ICES 8c-9a","multinational-ICES-VIIIc-IXa","Sardine ICES 8c-9a","Actinopterygii","Clupeiformes","Clupeidae","Sardina","Sardina pilchardus","Sardina pilchardus","European pilchard",0,"Current","Portugal",27,"Imported from ICES data dump covering 2011-2016",NA,NA,"natural mortalities from Gislason formula ",NA,NA,1978,2016,1978,2015,1978,2015,2015,3,2014,2013,"WGHANSA-SARDPVIIIc-IXa-1978-2016-ICESIMP2016_2014","WGHANSA-SARDPVIIIc-IXa-1978-2016-ICESIMP2016_2013",NA,NA,"TBbest-MT","MT",NA,NA,NA,NA,NA,NA,NA,NA,NA,NA,NA,NA,"F-1/yr","1/yr",NA,NA,NA,NA,NA,NA,NA,NA,NA,NA,NA,NA,NA,NA,NA,NA,NA,NA,NA,NA,NA,NA,"",4,"N",1
"Europe (EU)","WGHANSA-SARDPVIIIc-IXa-1978-2015-ICESIMP2016","SARDPVIIIc-IXa","ICES","WGHANSA","1978-2015",1978,2015,"http://www.ices.dk/sites/pub/Publication Reports/Advice/2015/2015/sar-soth.pdf","Age-based analytical assessment (SS3) ","Unknown","Age-based analytical assessment (SS3) ","multinational","ICES 8c-9a","multinational-ICES-VIIIc-IXa","Sardine ICES 8c-9a","Actinopterygii","Clupeiformes","Clupeidae","Sardina","Sardina pilchardus","Sardina pilchardus","European pilchard",0,"Current","Portugal",27,"Imported from ICES data dump covering 2011-2016",NA,NA,"natural mortalities from Gislason formula ",NA,NA,1978,2015,1978,2014,1978,2014,2014,4,2014,2013,"WGHANSA-SARDPVIIIc-IXa-1978-2015-ICESIMP2016_2014","WGHANSA-SARDPVIIIc-IXa-1978-2015-ICESIMP2016_2013",NA,NA,"TBbest-MT","MT",NA,NA,NA,NA,NA,NA,NA,NA,NA,NA,NA,NA,"F-1/yr","1/yr",NA,NA,NA,NA,NA,NA,NA,NA,NA,NA,NA,NA,0.23,"Fmp-1/yr",NA,NA,NA,NA,NA,NA,NA,NA,"",5,"N",2
"Europe (EU)","WGHANSA-SARDPVIIIc-IXa-1978-2017-ICESIMP2018","SARDPVIIIc-IXa","ICES","WGHANSA","1978-2017",1978,2017,"http://www.ices.dk/sites/pub/Publication Reports/Advice/2017/2017/pil.27.8c9a.pdf","Age-based analytical assessment (SS3) ","Unknown","Age-based analytical assessment (SS3) ","multinational","ICES 8c-9a","multinational-ICES-VIIIc-IXa","Sardine ICES 8c-9a","Actinopterygii","Clupeiformes","Clupeidae","Sardina","Sardina pilchardus","Sardina pilchardus","European pilchard",0,"Current","Portugal",27,"Imported from ICES data dump covering 2011-2018",NA,NA,"natural mortalities from Gislason formula ",NA,NA,1978,2017,1978,2016,1978,2016,2016,2,2014,2013,"WGHANSA-SARDPVIIIc-IXa-1978-2017-ICESIMP2018_2014","WGHANSA-SARDPVIIIc-IXa-1978-2017-ICESIMP2018_2013",NA,NA,"TBbest-MT","MT",NA,NA,NA,NA,NA,NA,NA,NA,NA,NA,NA,NA,"F-1/yr","1/yr",NA,NA,NA,NA,NA,NA,NA,NA,NA,NA,0.12,"",0.12,"Fmsy-1/yr",0.25,"",NA,NA,446331,NA,446331,"SSBtrigmsy-MT","",5,"N",2
"Europe (EU)","WGHANSA-SARDPVIIIc-IXa-1978-2016-ICESIMP2016","SARDPVIIIc-IXa","ICES","WGHANSA","1978-2016",1978,2016,"http://www.ices.dk/sites/pub/Publication Reports/Advice/2016/2016/sar-soth.pdf","Age-based analytical assessment (SS3) ","Unknown","Age-based analytical assessment (SS3) ","multinational","ICES 8c-9a","multinational-ICES-VIIIc-IXa","Sardine ICES 8c-9a","Actinopterygii","Clupeiformes","Clupeidae","Sardina","Sardina pilchardus","Sardina pilchardus","European pilchard",0,"Current","Portugal",27,"Imported from ICES data dump covering 2011-2016",NA,NA,"natural mortalities from Gislason formula ",NA,NA,1978,2016,1978,2015,1978,2015,2015,3,2015,2014,"WGHANSA-SARDPVIIIc-IXa-1978-2016-ICESIMP2016_2015","WGHANSA-SARDPVIIIc-IXa-1978-2016-ICESIMP2016_2014",NA,NA,"TBbest-MT","MT",NA,NA,NA,NA,NA,NA,NA,NA,NA,NA,NA,NA,"F-1/yr","1/yr",NA,NA,NA,NA,NA,NA,NA,NA,NA,NA,NA,NA,NA,NA,NA,NA,NA,NA,NA,NA,NA,NA,"",6,"N",1
"Europe (EU)","WGHANSA-SARDPVIIIc-IXa-1978-2017-ICESIMP2018","SARDPVIIIc-IXa","ICES","WGHANSA","1978-2017",1978,2017,"http://www.ices.dk/sites/pub/Publication Reports/Advice/2017/2017/pil.27.8c9a.pdf","Age-based analytical assessment (SS3) ","Unknown","Age-based analytical assessment (SS3) ","multinational","ICES 8c-9a","multinational-ICES-VIIIc-IXa","Sardine ICES 8c-9a","Actinopterygii","Clupeiformes","Clupeidae","Sardina","Sardina pilchardus","Sardina pilchardus","European pilchard",0,"Current","Portugal",27,"Imported from ICES data dump covering 2011-2018",NA,NA,"natural mortalities from Gislason formula ",NA,NA,1978,2017,1978,2016,1978,2016,2016,2,2015,2014,"WGHANSA-SARDPVIIIc-IXa-1978-2017-ICESIMP2018_2015","WGHANSA-SARDPVIIIc-IXa-1978-2017-ICESIMP2018_2014",NA,NA,"TBbest-MT","MT",NA,NA,NA,NA,NA,NA,NA,NA,NA,NA,NA,NA,"F-1/yr","1/yr",NA,NA,NA,NA,NA,NA,NA,NA,NA,NA,0.12,"",0.12,"Fmsy-1/yr",0.25,"",NA,NA,446331,NA,446331,"SSBtrigmsy-MT","",6,"N",1
