"region","assessid","stockid","mgmt","assessor","years","start_year","report_year","assesssource","method","methodshort","methodlong","country","area","areaid","stocklong","class","order","family","genus","species","species_orig","comm_name","assess_if_mostrecent","state_of_stock","primary_country","primary_FAOarea","assess_notes","M","M_year","M_notes","M_source","M_source_notes","B_start","B_end","F_start","F_end","C_start","C_end","terminal_year","assess_order","ty","ty_minus1","key_ty","key_ty_minus1","B_ty","B_ty_minus1","B_type","B_unit","TBbest_ty","TBbest_ty_minus1","TB_ty","TB_ty_minus1","TN_ty","TN_ty_minus1","SSB_ty","SSB_ty_minus1","SSB_E00eggs_ty","SSB_E00eggs_ty_minus1","F_ty","F_ty_minus1","F_type","F_unit","ERbest_ty","ERbest_ty_minus1","ER_ty","ER_ty_minus1","instF_ty","instF_ty_minus1","ERmsybest","ERmsybest_notes","ERmgt","ERmgt_notes","instFmsy","instFmsy_notes","Fmgt","Fmgt_notes","Flim","Flim_notes","TBmsybest","TBmsybest_notes","SSBmsy","SSBmsy_notes","SSBmgt","SSBmgt_notes","OFL_pdf","ty_order","if_diff_5yrs","interval","TB_by_TBmsy","SSB_by_SSBmsy","InstF_by_InstFmsy","ER_by_ERmsy","OFL_instF","OFL_instF_2","OFL_ER","Bmsy","Bmsy_type","Fmsy","Fmsy_type","B_by_Bmsy","B_by_Bmsy_type","F_by_Fmsy","F_by_Fmsy_type","OFL_ty","OFL_ty_type"
"Europe (EU)","WGHANSA-ANCHOBAYB-1986-2015-ICESIMP2016","ANCHOBAYB","ICES","WGHANSA","1986-2015",1986,2015,"http://www.ices.dk/sites/pub/Publication Reports/Advice/2015/2015/ane-bisc.pdf","Two-stage Bayesian biomass dynamic model (CBBM)","Unknown","Unknown","multinational","Bay of Biscay","multinational-ICES-VIII","Anchovy Bay of Biscay","Actinopterygii","Clupeiformes","Engraulidae","Engraulis","Engraulis encrasicolus","Engraulis encrasicolus","Anchovy",0,"Current","Spain",27,"Imported from ICES data dump covering 2011-2016",NA,NA,NA,NA,NA,1987,2015,1987,2015,1987,2015,2015,3,2006,2005,"WGHANSA-ANCHOBAYB-1986-2015-ICESIMP2016_2006","WGHANSA-ANCHOBAYB-1986-2015-ICESIMP2016_2005",20900,14000,"SSB-MT","MT",NA,NA,NA,NA,NA,NA,20900,14000,NA,NA,0.0841,0.0808,"ERbest-ratio","ratio",0.0841,0.0808,0.0841,0.0808,NA,NA,NA,NA,NA,NA,NA,NA,NA,NA,NA,NA,NA,NA,NA,NA,NA,NA,NA,1,"Y",9,NA,NA,NA,NA,NA,NA,NA,NA,"SSBmsy",NA,"instFmsy",NA,NA,NA,NA,NA,NA
"Europe (EU)","WGMHSA-ANCHOBAYB-1986-2007-JENNINGS","ANCHOBAYB","ICES","WGMHSA","1986-2007",1986,2007,"http://www.ices.dk","Biomass dynamics model","BBM","Bayesian Biomass Model","multinational","Bay of Biscay","multinational-ICES-VIII","Anchovy Bay of Biscay","Actinopterygii","Clupeiformes","Engraulidae","Engraulis","Engraulis encrasicolus","Engraulis encrasicolus","Anchovy",0,"Current","Spain",27,"NULL",1.2,"NULL","Assumed all age classes and years",NA,NA,1987,2007,1987,2007,1987,2006,2006,4,2006,2005,"WGMHSA-ANCHOBAYB-1986-2007-JENNINGS_2006","WGMHSA-ANCHOBAYB-1986-2007-JENNINGS_2005",23500,15200,"SSB-MT","MT",NA,NA,NA,NA,NA,NA,23500,15200,NA,NA,0.0416,0.0362,"ERbest-ratio","ratio",0.0416,0.0362,0.0416,0.0362,0.075,0.077,NA,NA,NA,NA,NA,NA,NA,NA,NA,NA,NA,NA,NA,NA,NA,NA,NA,1,"Y",9,NA,NA,NA,NA,NA,NA,NA,NA,"SSBmsy",NA,"instFmsy",NA,NA,NA,NA,NA,NA
"Europe (EU)","WGHANSA-ANCHOBAYB-1986-2016-ICESIMP2018","ANCHOBAYB","ICES","WGHANSA","1986-2016",1986,2016,"http://www.ices.dk/sites/pub/Publication Reports/Advice/2015/2015/ane-bisc.pdf","Two-stage Bayesian biomass dynamic model (CBBM)","Unknown","Two-stage Bayesian biomass dynamic model (CBBM) assessment","multinational","Bay of Biscay","multinational-ICES-VIII","Anchovy Bay of Biscay","Actinopterygii","Clupeiformes","Engraulidae","Engraulis","Engraulis encrasicolus","Engraulis encrasicolus","Anchovy",0,"Current","Spain",27,"Imported from ICES data dump covering 2011-2018",1,NA,"0.8 for age 1 and at 1.2 for older individuals ",NA,NA,1987,2016,1987,2015,1987,2015,2015,2,2006,2005,"WGHANSA-ANCHOBAYB-1986-2016-ICESIMP2018_2006","WGHANSA-ANCHOBAYB-1986-2016-ICESIMP2018_2005",20900,14000,"SSB-MT","MT",20900,14000,20900,14000,NA,NA,20900,14000,NA,NA,0.0837320574162679,0.0807142857142857,"ERbest-ratio","ratio",0.0837320574162679,0.0807142857142857,NA,NA,NA,NA,NA,NA,NA,NA,NA,NA,NA,NA,NA,NA,NA,NA,21000,NA,89000,"SSBtarget-MT",NA,2,"Y",9,NA,0.995238095238095,NA,NA,NA,NA,NA,21000,"SSBmsy",NA,"instFmsy",0.995238095238095,"SSB_by_SSBmsy",NA,NA,NA,NA
"Europe (EU)","WGMHSA-ANCHOBAYB-1986-2007-JENNINGS","ANCHOBAYB","ICES","WGMHSA","1986-2007",1986,2007,"http://www.ices.dk","Biomass dynamics model","BBM","Bayesian Biomass Model","multinational","Bay of Biscay","multinational-ICES-VIII","Anchovy Bay of Biscay","Actinopterygii","Clupeiformes","Engraulidae","Engraulis","Engraulis encrasicolus","Engraulis encrasicolus","Anchovy",0,"Current","Spain",27,"NULL",1.2,"NULL","Assumed all age classes and years",NA,NA,1987,2007,1987,2007,1987,2006,2006,4,2006,2005,"WGMHSA-ANCHOBAYB-1986-2007-JENNINGS_2006","WGMHSA-ANCHOBAYB-1986-2007-JENNINGS_2005",23500,15200,"SSB-MT","MT",NA,NA,NA,NA,NA,NA,23500,15200,NA,NA,0.0416,0.0362,"ERbest-ratio","ratio",0.0416,0.0362,0.0416,0.0362,0.075,0.077,NA,NA,NA,NA,NA,NA,NA,NA,NA,NA,NA,NA,NA,NA,NA,NA,NA,2,"Y",9,NA,NA,NA,NA,NA,NA,NA,NA,"SSBmsy",NA,"instFmsy",NA,NA,NA,NA,NA,NA
"Europe (EU)","WGHANSA-ANCHOBAYB-1986-2017-ICESIMP2018","ANCHOBAYB","ICES","WGHANSA","1986-2017",1986,2017,"http://www.ices.dk/sites/pub/Publication Reports/Advice/2017/2017/ane.27.8.pdf","Two-stage Bayesian biomass dynamic model (CBBM)","Unknown","Unknown","multinational","Bay of Biscay","multinational-ICES-VIII","Anchovy Bay of Biscay","Actinopterygii","Clupeiformes","Engraulidae","Engraulis","Engraulis encrasicolus","Engraulis encrasicolus","Anchovy",999,"Current","Spain",27,"Imported from ICES data dump covering 2011-2018",NA,NA,NA,NA,NA,1987,2017,1987,2017,1987,2017,2017,1,2006,2005,"WGHANSA-ANCHOBAYB-1986-2017-ICESIMP2018_2006","WGHANSA-ANCHOBAYB-1986-2017-ICESIMP2018_2005",20300,14400,"SSB-MT","MT",NA,NA,NA,NA,NA,NA,20300,14400,NA,NA,0.086,0.078,"ERbest-ratio","ratio",0.086,0.078,0.086,0.078,NA,NA,NA,NA,NA,NA,NA,NA,NA,NA,NA,NA,NA,NA,NA,NA,89000,"SSBtarget-MT",NA,3,"Y",11,NA,NA,NA,NA,NA,NA,NA,NA,"SSBmsy",NA,"instFmsy",NA,NA,NA,NA,NA,NA
"Europe (EU)","WGMHSA-ANCHOBAYB-1986-2007-JENNINGS","ANCHOBAYB","ICES","WGMHSA","1986-2007",1986,2007,"http://www.ices.dk","Biomass dynamics model","BBM","Bayesian Biomass Model","multinational","Bay of Biscay","multinational-ICES-VIII","Anchovy Bay of Biscay","Actinopterygii","Clupeiformes","Engraulidae","Engraulis","Engraulis encrasicolus","Engraulis encrasicolus","Anchovy",0,"Current","Spain",27,"NULL",1.2,"NULL","Assumed all age classes and years",NA,NA,1987,2007,1987,2007,1987,2006,2006,4,2006,2005,"WGMHSA-ANCHOBAYB-1986-2007-JENNINGS_2006","WGMHSA-ANCHOBAYB-1986-2007-JENNINGS_2005",23500,15200,"SSB-MT","MT",NA,NA,NA,NA,NA,NA,23500,15200,NA,NA,0.0416,0.0362,"ERbest-ratio","ratio",0.0416,0.0362,0.0416,0.0362,0.075,0.077,NA,NA,NA,NA,NA,NA,NA,NA,NA,NA,NA,NA,NA,NA,NA,NA,NA,3,"Y",11,NA,NA,NA,NA,NA,NA,NA,NA,"SSBmsy",NA,"instFmsy",NA,NA,NA,NA,NA,NA
"Europe (EU)","WGNSSK-NPOUTIIIa-IV-1983-2011-NEUBAUER","NPOUTIIIa-IV","ICES","WGNSSK","1983-2011",1983,2011,"http://www.ices.dk/reports/ACOM/2011/WGNSSK/Sec%2005%20Norway%20Pout%20in%20Subarea%20IV%20and%20Division%20IIIa.pdf","VPA","SXSA","Seasonal XSA","multinational","ICES 3a-4","multinational-ICES-IIIa-IV","Norway pout ICES 3a-4","Actinopterygii","Gadiformes","Gadidae","Trisopterus","Trisopterus esmarkii","Trisopterus esmarkii","Norway pout",0,"Current","Denmark",27,"NULL",NA,NA,NA,NA,NA,1983,2011,1983,2010,1983,2010,2010,4,2010,2009,"WGNSSK-NPOUTIIIa-IV-1983-2011-NEUBAUER_2010","WGNSSK-NPOUTIIIa-IV-1983-2011-NEUBAUER_2009",289000,176000,"SSB-MT","MT",NA,NA,NA,NA,NA,NA,289000,176000,NA,NA,0.189,0.136,"ERbest-ratio","ratio",0.189,0.136,0.189,0.136,0.525,0.143,NA,NA,NA,NA,NA,NA,NA,NA,NA,NA,NA,NA,NA,NA,NA,NA,NA,1,"N",2,NA,NA,NA,NA,NA,NA,NA,NA,"SSBmsy",NA,"instFmsy",NA,NA,NA,NA,NA,NA
"Europe (EU)","WGNSSK-NPOUTIIIa-IV-1983-2013-ICESIMP2016","NPOUTIIIa-IV","ICES","WGNSSK","1983-2013",1983,2013,"http://www.ices.dk/sites/pub/Publication%20Reports/Advice/2013/2013/nop-34%20june.pdf","Age-based analytical (seasonal XSA, SXSA)","Unknown","Age-based analytical (seasonal XSA, SXSA)","multinational","ICES 3a-4","multinational-ICES-IIIa-IV","Norway pout ICES 3a-4","Actinopterygii","Gadiformes","Gadidae","Trisopterus","Trisopterus esmarkii","Trisopterus esmarkii","Norway pout",0,"Current","Denmark",27,"Imported from ICES data dump covering 2011-2016",NA,NA,NA,NA,NA,1983,2013,1983,2012,1983,2012,2012,3,2010,2009,"WGNSSK-NPOUTIIIa-IV-1983-2013-ICESIMP2016_2010","WGNSSK-NPOUTIIIa-IV-1983-2013-ICESIMP2016_2009",356000,219000,"SSB-MT","MT",819000,882000,819000,882000,NA,NA,356000,219000,NA,NA,0.153846153846154,0.0617913832199547,"ERbest-ratio","ratio",0.153846153846154,0.0617913832199547,NA,NA,0.409,0.246,NA,NA,NA,NA,NA,NA,NA,NA,NA,NA,NA,NA,150000,NA,150000,"SSBtrigmsy-MT",NA,1,"N",2,NA,2.37333333333333,NA,NA,NA,NA,NA,150000,"SSBmsy",NA,"instFmsy",2.37333333333333,"SSB_by_SSBmsy",NA,NA,NA,NA
"Europe (EU)","WGNSSK-NPOUTIIIa-IV-1983-2011-NEUBAUER","NPOUTIIIa-IV","ICES","WGNSSK","1983-2011",1983,2011,"http://www.ices.dk/reports/ACOM/2011/WGNSSK/Sec%2005%20Norway%20Pout%20in%20Subarea%20IV%20and%20Division%20IIIa.pdf","VPA","SXSA","Seasonal XSA","multinational","ICES 3a-4","multinational-ICES-IIIa-IV","Norway pout ICES 3a-4","Actinopterygii","Gadiformes","Gadidae","Trisopterus","Trisopterus esmarkii","Trisopterus esmarkii","Norway pout",0,"Current","Denmark",27,"NULL",NA,NA,NA,NA,NA,1983,2011,1983,2010,1983,2010,2010,4,2010,2009,"WGNSSK-NPOUTIIIa-IV-1983-2011-NEUBAUER_2010","WGNSSK-NPOUTIIIa-IV-1983-2011-NEUBAUER_2009",289000,176000,"SSB-MT","MT",NA,NA,NA,NA,NA,NA,289000,176000,NA,NA,0.189,0.136,"ERbest-ratio","ratio",0.189,0.136,0.189,0.136,0.525,0.143,NA,NA,NA,NA,NA,NA,NA,NA,NA,NA,NA,NA,NA,NA,NA,NA,NA,2,"N",3,NA,NA,NA,NA,NA,NA,NA,NA,"SSBmsy",NA,"instFmsy",NA,NA,NA,NA,NA,NA
"Europe (EU)","WGNSSK-NPOUTIIIa-IV-1983-2014-ICESIMP2016","NPOUTIIIa-IV","ICES","WGNSSK","1983-2014",1983,2014,"http://www.ices.dk/sites/pub/Publication Reports/Advice/2014/2014/Nop-34-june.pdf","Age-based analytical (seasonal XSA, SXSA)","Unknown","Age-based analytical (seasonal XSA, SXSA)","multinational","ICES 3a-4","multinational-ICES-IIIa-IV","Norway pout ICES 3a-4","Actinopterygii","Gadiformes","Gadidae","Trisopterus","Trisopterus esmarkii","Trisopterus esmarkii","Norway pout",0,"Current","Denmark",27,"Imported from ICES data dump covering 2011-2016",NA,NA,NA,NA,NA,1983,2014,1983,2013,1983,2013,2013,2,2010,2009,"WGNSSK-NPOUTIIIa-IV-1983-2014-ICESIMP2016_2010","WGNSSK-NPOUTIIIa-IV-1983-2014-ICESIMP2016_2009",358000,219000,"SSB-MT","MT",821000,886000,821000,886000,NA,NA,358000,219000,NA,NA,0.15347137637028,0.0615124153498871,"ERbest-ratio","ratio",0.15347137637028,0.0615124153498871,NA,NA,0.406,0.246,NA,NA,NA,NA,NA,NA,NA,NA,NA,NA,NA,NA,150000,NA,150000,"SSBtrigmsy-MT",NA,2,"N",3,NA,2.38666666666667,NA,NA,NA,NA,NA,150000,"SSBmsy",NA,"instFmsy",2.38666666666667,"SSB_by_SSBmsy",NA,NA,NA,NA
"Europe (EU)","WGNSSK-NPOUTIIIa-IV-1983-2011-NEUBAUER","NPOUTIIIa-IV","ICES","WGNSSK","1983-2011",1983,2011,"http://www.ices.dk/reports/ACOM/2011/WGNSSK/Sec%2005%20Norway%20Pout%20in%20Subarea%20IV%20and%20Division%20IIIa.pdf","VPA","SXSA","Seasonal XSA","multinational","ICES 3a-4","multinational-ICES-IIIa-IV","Norway pout ICES 3a-4","Actinopterygii","Gadiformes","Gadidae","Trisopterus","Trisopterus esmarkii","Trisopterus esmarkii","Norway pout",0,"Current","Denmark",27,"NULL",NA,NA,NA,NA,NA,1983,2011,1983,2010,1983,2010,2010,4,2010,2009,"WGNSSK-NPOUTIIIa-IV-1983-2011-NEUBAUER_2010","WGNSSK-NPOUTIIIa-IV-1983-2011-NEUBAUER_2009",289000,176000,"SSB-MT","MT",NA,NA,NA,NA,NA,NA,289000,176000,NA,NA,0.189,0.136,"ERbest-ratio","ratio",0.189,0.136,0.189,0.136,0.525,0.143,NA,NA,NA,NA,NA,NA,NA,NA,NA,NA,NA,NA,NA,NA,NA,NA,NA,3,"Y",7,NA,NA,NA,NA,NA,NA,NA,NA,"SSBmsy",NA,"instFmsy",NA,NA,NA,NA,NA,NA
"Europe (EU)","WGNSSK-NPOUTIIIa-IV-1984-2017-ICESIMP2018","NPOUTIIIa-IV","ICES","WGNSSK","1984-2017",1984,2017,"http://www.ices.dk/sites/pub/Publication Reports/Advice/2017/2017/nop.27.3a4.pdf","Age-based analytical assessment (quarterly SAM model) ","Unknown","Age-based analytical assessment (quarterly SAM model) ","multinational","ICES 3a-4","multinational-ICES-IIIa-IV","Norway pout ICES 3a-4","Actinopterygii","Gadiformes","Gadidae","Trisopterus","Trisopterus esmarkii","Trisopterus esmarkii","Norway pout",999,"Current","Denmark",27,"Imported from ICES data dump covering 2011-2018",NA,NA,NA,NA,NA,1984,2017,1984,2017,1984,2017,2017,1,2010,2009,"WGNSSK-NPOUTIIIa-IV-1984-2017-ICESIMP2018_2010","WGNSSK-NPOUTIIIa-IV-1984-2017-ICESIMP2018_2009",219000,133000,"SSB-MT","MT",551000,391000,551000,391000,NA,NA,219000,133000,NA,NA,0.237749546279492,0.117135549872123,"ERbest-ratio","ratio",0.237749546279492,0.117135549872123,NA,NA,0.127,0.116,NA,NA,NA,NA,NA,NA,NA,NA,NA,NA,NA,NA,65000,NA,65000,"SSBpa-MT",NA,3,"Y",7,NA,3.36923076923077,NA,NA,NA,NA,NA,65000,"SSBmsy",NA,"instFmsy",3.36923076923077,"SSB_by_SSBmsy",NA,NA,NA,NA
"Europe (EU)","WGHANSA-ANCHOBAYB-1986-2015-ICESIMP2016","ANCHOBAYB","ICES","WGHANSA","1986-2015",1986,2015,"http://www.ices.dk/sites/pub/Publication Reports/Advice/2015/2015/ane-bisc.pdf","Two-stage Bayesian biomass dynamic model (CBBM)","Unknown","Unknown","multinational","Bay of Biscay","multinational-ICES-VIII","Anchovy Bay of Biscay","Actinopterygii","Clupeiformes","Engraulidae","Engraulis","Engraulis encrasicolus","Engraulis encrasicolus","Anchovy",0,"Current","Spain",27,"Imported from ICES data dump covering 2011-2016",NA,NA,NA,NA,NA,1987,2015,1987,2015,1987,2015,2015,3,2015,2014,"WGHANSA-ANCHOBAYB-1986-2015-ICESIMP2016_2015","WGHANSA-ANCHOBAYB-1986-2015-ICESIMP2016_2014",147000,82100,"SSB-MT","MT",NA,NA,NA,NA,NA,NA,147000,82100,NA,NA,0.17,0.238,"ERbest-ratio","ratio",0.17,0.238,0.17,0.238,NA,NA,NA,NA,NA,NA,NA,NA,NA,NA,NA,NA,NA,NA,NA,NA,NA,NA,NA,4,"N",0,NA,NA,NA,NA,NA,NA,NA,NA,"SSBmsy",NA,"instFmsy",NA,NA,NA,NA,NA,NA
"Europe (EU)","WGHANSA-ANCHOBAYB-1986-2016-ICESIMP2018","ANCHOBAYB","ICES","WGHANSA","1986-2016",1986,2016,"http://www.ices.dk/sites/pub/Publication Reports/Advice/2015/2015/ane-bisc.pdf","Two-stage Bayesian biomass dynamic model (CBBM)","Unknown","Two-stage Bayesian biomass dynamic model (CBBM) assessment","multinational","Bay of Biscay","multinational-ICES-VIII","Anchovy Bay of Biscay","Actinopterygii","Clupeiformes","Engraulidae","Engraulis","Engraulis encrasicolus","Engraulis encrasicolus","Anchovy",0,"Current","Spain",27,"Imported from ICES data dump covering 2011-2018",1,NA,"0.8 for age 1 and at 1.2 for older individuals ",NA,NA,1987,2016,1987,2015,1987,2015,2015,2,2015,2014,"WGHANSA-ANCHOBAYB-1986-2016-ICESIMP2018_2015","WGHANSA-ANCHOBAYB-1986-2016-ICESIMP2018_2014",147000,82100,"SSB-MT","MT",147000,82100,147000,82100,NA,NA,147000,82100,NA,NA,0.170748299319728,0.238733252131547,"ERbest-ratio","ratio",0.170748299319728,0.238733252131547,NA,NA,NA,NA,NA,NA,NA,NA,NA,NA,NA,NA,NA,NA,NA,NA,21000,NA,89000,"SSBtarget-MT",NA,4,"N",0,NA,7,NA,NA,NA,NA,NA,21000,"SSBmsy",NA,"instFmsy",7,"SSB_by_SSBmsy",NA,NA,NA,NA
"Europe (EU)","WGHANSA-ANCHOBAYB-1986-2015-ICESIMP2016","ANCHOBAYB","ICES","WGHANSA","1986-2015",1986,2015,"http://www.ices.dk/sites/pub/Publication Reports/Advice/2015/2015/ane-bisc.pdf","Two-stage Bayesian biomass dynamic model (CBBM)","Unknown","Unknown","multinational","Bay of Biscay","multinational-ICES-VIII","Anchovy Bay of Biscay","Actinopterygii","Clupeiformes","Engraulidae","Engraulis","Engraulis encrasicolus","Engraulis encrasicolus","Anchovy",0,"Current","Spain",27,"Imported from ICES data dump covering 2011-2016",NA,NA,NA,NA,NA,1987,2015,1987,2015,1987,2015,2015,3,2015,2014,"WGHANSA-ANCHOBAYB-1986-2015-ICESIMP2016_2015","WGHANSA-ANCHOBAYB-1986-2015-ICESIMP2016_2014",147000,82100,"SSB-MT","MT",NA,NA,NA,NA,NA,NA,147000,82100,NA,NA,0.17,0.238,"ERbest-ratio","ratio",0.17,0.238,0.17,0.238,NA,NA,NA,NA,NA,NA,NA,NA,NA,NA,NA,NA,NA,NA,NA,NA,NA,NA,NA,5,"N",2,NA,NA,NA,NA,NA,NA,NA,NA,"SSBmsy",NA,"instFmsy",NA,NA,NA,NA,NA,NA
"Europe (EU)","WGHANSA-ANCHOBAYB-1986-2017-ICESIMP2018","ANCHOBAYB","ICES","WGHANSA","1986-2017",1986,2017,"http://www.ices.dk/sites/pub/Publication Reports/Advice/2017/2017/ane.27.8.pdf","Two-stage Bayesian biomass dynamic model (CBBM)","Unknown","Unknown","multinational","Bay of Biscay","multinational-ICES-VIII","Anchovy Bay of Biscay","Actinopterygii","Clupeiformes","Engraulidae","Engraulis","Engraulis encrasicolus","Engraulis encrasicolus","Anchovy",999,"Current","Spain",27,"Imported from ICES data dump covering 2011-2018",NA,NA,NA,NA,NA,1987,2017,1987,2017,1987,2017,2017,1,2015,2014,"WGHANSA-ANCHOBAYB-1986-2017-ICESIMP2018_2015","WGHANSA-ANCHOBAYB-1986-2017-ICESIMP2018_2014",133000,84200,"SSB-MT","MT",NA,NA,NA,NA,NA,NA,133000,84200,NA,NA,0.213,0.232,"ERbest-ratio","ratio",0.213,0.232,0.213,0.232,NA,NA,NA,NA,NA,NA,NA,NA,NA,NA,NA,NA,NA,NA,NA,NA,89000,"SSBtarget-MT",NA,5,"N",2,NA,NA,NA,NA,NA,NA,NA,NA,"SSBmsy",NA,"instFmsy",NA,NA,NA,NA,NA,NA
"Europe (EU)","WGHANSA-ANCHOBAYB-1986-2016-ICESIMP2018","ANCHOBAYB","ICES","WGHANSA","1986-2016",1986,2016,"http://www.ices.dk/sites/pub/Publication Reports/Advice/2015/2015/ane-bisc.pdf","Two-stage Bayesian biomass dynamic model (CBBM)","Unknown","Two-stage Bayesian biomass dynamic model (CBBM) assessment","multinational","Bay of Biscay","multinational-ICES-VIII","Anchovy Bay of Biscay","Actinopterygii","Clupeiformes","Engraulidae","Engraulis","Engraulis encrasicolus","Engraulis encrasicolus","Anchovy",0,"Current","Spain",27,"Imported from ICES data dump covering 2011-2018",1,NA,"0.8 for age 1 and at 1.2 for older individuals ",NA,NA,1987,2016,1987,2015,1987,2015,2015,2,2015,2014,"WGHANSA-ANCHOBAYB-1986-2016-ICESIMP2018_2015","WGHANSA-ANCHOBAYB-1986-2016-ICESIMP2018_2014",147000,82100,"SSB-MT","MT",147000,82100,147000,82100,NA,NA,147000,82100,NA,NA,0.170748299319728,0.238733252131547,"ERbest-ratio","ratio",0.170748299319728,0.238733252131547,NA,NA,NA,NA,NA,NA,NA,NA,NA,NA,NA,NA,NA,NA,NA,NA,21000,NA,89000,"SSBtarget-MT",NA,6,"N",2,NA,7,NA,NA,NA,NA,NA,21000,"SSBmsy",NA,"instFmsy",7,"SSB_by_SSBmsy",NA,NA,NA,NA
"Europe (EU)","WGHANSA-ANCHOBAYB-1986-2017-ICESIMP2018","ANCHOBAYB","ICES","WGHANSA","1986-2017",1986,2017,"http://www.ices.dk/sites/pub/Publication Reports/Advice/2017/2017/ane.27.8.pdf","Two-stage Bayesian biomass dynamic model (CBBM)","Unknown","Unknown","multinational","Bay of Biscay","multinational-ICES-VIII","Anchovy Bay of Biscay","Actinopterygii","Clupeiformes","Engraulidae","Engraulis","Engraulis encrasicolus","Engraulis encrasicolus","Anchovy",999,"Current","Spain",27,"Imported from ICES data dump covering 2011-2018",NA,NA,NA,NA,NA,1987,2017,1987,2017,1987,2017,2017,1,2015,2014,"WGHANSA-ANCHOBAYB-1986-2017-ICESIMP2018_2015","WGHANSA-ANCHOBAYB-1986-2017-ICESIMP2018_2014",133000,84200,"SSB-MT","MT",NA,NA,NA,NA,NA,NA,133000,84200,NA,NA,0.213,0.232,"ERbest-ratio","ratio",0.213,0.232,0.213,0.232,NA,NA,NA,NA,NA,NA,NA,NA,NA,NA,NA,NA,NA,NA,NA,NA,89000,"SSBtarget-MT",NA,6,"N",2,NA,NA,NA,NA,NA,NA,NA,NA,"SSBmsy",NA,"instFmsy",NA,NA,NA,NA,NA,NA
"Europe (EU)","WGNSSK-NPOUTIIIa-IV-1983-2013-ICESIMP2016","NPOUTIIIa-IV","ICES","WGNSSK","1983-2013",1983,2013,"http://www.ices.dk/sites/pub/Publication%20Reports/Advice/2013/2013/nop-34%20june.pdf","Age-based analytical (seasonal XSA, SXSA)","Unknown","Age-based analytical (seasonal XSA, SXSA)","multinational","ICES 3a-4","multinational-ICES-IIIa-IV","Norway pout ICES 3a-4","Actinopterygii","Gadiformes","Gadidae","Trisopterus","Trisopterus esmarkii","Trisopterus esmarkii","Norway pout",0,"Current","Denmark",27,"Imported from ICES data dump covering 2011-2016",NA,NA,NA,NA,NA,1983,2013,1983,2012,1983,2012,2012,3,2012,2011,"WGNSSK-NPOUTIIIa-IV-1983-2013-ICESIMP2016_2012","WGNSSK-NPOUTIIIa-IV-1983-2013-ICESIMP2016_2011",174000,368000,"SSB-MT","MT",583000,407000,583000,407000,NA,NA,174000,368000,NA,NA,0.0463121783876501,0.015970515970516,"ERbest-ratio","ratio",0.0463121783876501,0.015970515970516,NA,NA,0.314,0.031,NA,NA,NA,NA,NA,NA,NA,NA,NA,NA,NA,NA,150000,NA,150000,"SSBtrigmsy-MT",NA,4,"N",1,NA,1.16,NA,NA,NA,NA,NA,150000,"SSBmsy",NA,"instFmsy",1.16,"SSB_by_SSBmsy",NA,NA,NA,NA
"Europe (EU)","WGNSSK-NPOUTIIIa-IV-1983-2014-ICESIMP2016","NPOUTIIIa-IV","ICES","WGNSSK","1983-2014",1983,2014,"http://www.ices.dk/sites/pub/Publication Reports/Advice/2014/2014/Nop-34-june.pdf","Age-based analytical (seasonal XSA, SXSA)","Unknown","Age-based analytical (seasonal XSA, SXSA)","multinational","ICES 3a-4","multinational-ICES-IIIa-IV","Norway pout ICES 3a-4","Actinopterygii","Gadiformes","Gadidae","Trisopterus","Trisopterus esmarkii","Trisopterus esmarkii","Norway pout",0,"Current","Denmark",27,"Imported from ICES data dump covering 2011-2016",NA,NA,NA,NA,NA,1983,2014,1983,2013,1983,2013,2013,2,2012,2011,"WGNSSK-NPOUTIIIa-IV-1983-2014-ICESIMP2016_2012","WGNSSK-NPOUTIIIa-IV-1983-2014-ICESIMP2016_2011",173000,369000,"SSB-MT","MT",488000,403000,488000,403000,NA,NA,173000,369000,NA,NA,0.055327868852459,0.0161290322580645,"ERbest-ratio","ratio",0.055327868852459,0.0161290322580645,NA,NA,0.318,0.031,NA,NA,NA,NA,NA,NA,NA,NA,NA,NA,NA,NA,150000,NA,150000,"SSBtrigmsy-MT",NA,4,"N",1,NA,1.15333333333333,NA,NA,NA,NA,NA,150000,"SSBmsy",NA,"instFmsy",1.15333333333333,"SSB_by_SSBmsy",NA,NA,NA,NA
"Europe (EU)","WGNSSK-NPOUTIIIa-IV-1983-2013-ICESIMP2016","NPOUTIIIa-IV","ICES","WGNSSK","1983-2013",1983,2013,"http://www.ices.dk/sites/pub/Publication%20Reports/Advice/2013/2013/nop-34%20june.pdf","Age-based analytical (seasonal XSA, SXSA)","Unknown","Age-based analytical (seasonal XSA, SXSA)","multinational","ICES 3a-4","multinational-ICES-IIIa-IV","Norway pout ICES 3a-4","Actinopterygii","Gadiformes","Gadidae","Trisopterus","Trisopterus esmarkii","Trisopterus esmarkii","Norway pout",0,"Current","Denmark",27,"Imported from ICES data dump covering 2011-2016",NA,NA,NA,NA,NA,1983,2013,1983,2012,1983,2012,2012,3,2012,2011,"WGNSSK-NPOUTIIIa-IV-1983-2013-ICESIMP2016_2012","WGNSSK-NPOUTIIIa-IV-1983-2013-ICESIMP2016_2011",174000,368000,"SSB-MT","MT",583000,407000,583000,407000,NA,NA,174000,368000,NA,NA,0.0463121783876501,0.015970515970516,"ERbest-ratio","ratio",0.0463121783876501,0.015970515970516,NA,NA,0.314,0.031,NA,NA,NA,NA,NA,NA,NA,NA,NA,NA,NA,NA,150000,NA,150000,"SSBtrigmsy-MT",NA,5,"N",5,NA,1.16,NA,NA,NA,NA,NA,150000,"SSBmsy",NA,"instFmsy",1.16,"SSB_by_SSBmsy",NA,NA,NA,NA
"Europe (EU)","WGNSSK-NPOUTIIIa-IV-1984-2017-ICESIMP2018","NPOUTIIIa-IV","ICES","WGNSSK","1984-2017",1984,2017,"http://www.ices.dk/sites/pub/Publication Reports/Advice/2017/2017/nop.27.3a4.pdf","Age-based analytical assessment (quarterly SAM model) ","Unknown","Age-based analytical assessment (quarterly SAM model) ","multinational","ICES 3a-4","multinational-ICES-IIIa-IV","Norway pout ICES 3a-4","Actinopterygii","Gadiformes","Gadidae","Trisopterus","Trisopterus esmarkii","Trisopterus esmarkii","Norway pout",999,"Current","Denmark",27,"Imported from ICES data dump covering 2011-2018",NA,NA,NA,NA,NA,1984,2017,1984,2017,1984,2017,2017,1,2012,2011,"WGNSSK-NPOUTIIIa-IV-1984-2017-ICESIMP2018_2012","WGNSSK-NPOUTIIIa-IV-1984-2017-ICESIMP2018_2011",71900,176000,"SSB-MT","MT",128000,209000,128000,209000,NA,NA,71900,176000,NA,NA,0.21015625,0.0327272727272727,"ERbest-ratio","ratio",0.21015625,0.0327272727272727,NA,NA,0.19,0.065,NA,NA,NA,NA,NA,NA,NA,NA,NA,NA,NA,NA,65000,NA,65000,"SSBpa-MT",NA,5,"N",5,NA,1.10615384615385,NA,NA,NA,NA,NA,65000,"SSBmsy",NA,"instFmsy",1.10615384615385,"SSB_by_SSBmsy",NA,NA,NA,NA
"Europe (EU)","WGNSSK-NPOUTIIIa-IV-1983-2014-ICESIMP2016","NPOUTIIIa-IV","ICES","WGNSSK","1983-2014",1983,2014,"http://www.ices.dk/sites/pub/Publication Reports/Advice/2014/2014/Nop-34-june.pdf","Age-based analytical (seasonal XSA, SXSA)","Unknown","Age-based analytical (seasonal XSA, SXSA)","multinational","ICES 3a-4","multinational-ICES-IIIa-IV","Norway pout ICES 3a-4","Actinopterygii","Gadiformes","Gadidae","Trisopterus","Trisopterus esmarkii","Trisopterus esmarkii","Norway pout",0,"Current","Denmark",27,"Imported from ICES data dump covering 2011-2016",NA,NA,NA,NA,NA,1983,2014,1983,2013,1983,2013,2013,2,2013,2012,"WGNSSK-NPOUTIIIa-IV-1983-2014-ICESIMP2016_2013","WGNSSK-NPOUTIIIa-IV-1983-2014-ICESIMP2016_2012",165000,173000,"SSB-MT","MT",646000,488000,646000,488000,NA,NA,165000,173000,NA,NA,0.127089783281734,0.055327868852459,"ERbest-ratio","ratio",0.127089783281734,0.055327868852459,NA,NA,0.406,0.318,NA,NA,NA,NA,NA,NA,NA,NA,NA,NA,NA,NA,150000,NA,150000,"SSBtrigmsy-MT",NA,6,"N",4,NA,1.1,NA,NA,NA,NA,NA,150000,"SSBmsy",NA,"instFmsy",1.1,"SSB_by_SSBmsy",NA,NA,NA,NA
"Europe (EU)","WGNSSK-NPOUTIIIa-IV-1984-2017-ICESIMP2018","NPOUTIIIa-IV","ICES","WGNSSK","1984-2017",1984,2017,"http://www.ices.dk/sites/pub/Publication Reports/Advice/2017/2017/nop.27.3a4.pdf","Age-based analytical assessment (quarterly SAM model) ","Unknown","Age-based analytical assessment (quarterly SAM model) ","multinational","ICES 3a-4","multinational-ICES-IIIa-IV","Norway pout ICES 3a-4","Actinopterygii","Gadiformes","Gadidae","Trisopterus","Trisopterus esmarkii","Trisopterus esmarkii","Norway pout",999,"Current","Denmark",27,"Imported from ICES data dump covering 2011-2018",NA,NA,NA,NA,NA,1984,2017,1984,2017,1984,2017,2017,1,2013,2012,"WGNSSK-NPOUTIIIa-IV-1984-2017-ICESIMP2018_2013","WGNSSK-NPOUTIIIa-IV-1984-2017-ICESIMP2018_2012",86600,71900,"SSB-MT","MT",306000,128000,306000,128000,NA,NA,86600,71900,NA,NA,0.268300653594771,0.21015625,"ERbest-ratio","ratio",0.268300653594771,0.21015625,NA,NA,0.349,0.19,NA,NA,NA,NA,NA,NA,NA,NA,NA,NA,NA,NA,65000,NA,65000,"SSBpa-MT",NA,6,"N",4,NA,1.33230769230769,NA,NA,NA,NA,NA,65000,"SSBmsy",NA,"instFmsy",1.33230769230769,"SSB_by_SSBmsy",NA,NA,NA,NA
"Europe (EU)","WGBFAS-PLAIC2123-1998-2015-ICESIMP2016","PLAIC2123","ICES","WGBFAS","1998-2015",1998,2015,"http://www.ices.dk/sites/pub/Publication Reports/Advice/2015/2015/ple-2123.pdf","Age-based analytical assessment (SAM)","Unknown","Age-based analytical assessment (SAM)","multinational","Subdivisions 21-23","multinational-ICES-2123","European plaice Subdivisions 21-23","Actinopterygii","Pleuronectiformes","Pleuronectidae","Pleuronectes","Pleuronectes platessa","Pleuronectes platessa","European plaice",0,"Current","Denmark",27,"Imported from ICES data dump covering 2011-2016",0.1,NA,"0.1 except for age 1, which has 0.2 ",NA,NA,1999,2015,1999,2014,1999,2014,2014,4,2014,2013,"WGBFAS-PLAIC2123-1998-2015-ICESIMP2016_2014","WGBFAS-PLAIC2123-1998-2015-ICESIMP2016_2013",17600,15700,"TBbest-MT","MT",17600,15700,17600,15700,NA,NA,14400,12200,NA,NA,0.220454545454545,0.228662420382166,"ERbest-ratio","ratio",0.220454545454545,0.228662420382166,NA,NA,0.186,0.198,NA,NA,NA,NA,0.37,NA,0.37,"Fmsy-1/yr",NA,NA,NA,NA,5550,NA,5553,"SSBtrigmsy-MT",NA,1,"N",1,NA,2.59459459459459,0.502702702702703,NA,5195.71325307032,5443.07578078256,NA,5550,"SSBmsy",0.37,"instFmsy",2.59459459459459,"SSB_by_SSBmsy",0.502702702702703,"InstF_by_InstFmsy",5195.71325307032,"OFL_instF"
"Europe (EU)","WGBFAS-PLAIC2123-1998-2016-ICESIMP2016","PLAIC2123","ICES","WGBFAS","1998-2016",1998,2016,"http://www.ices.dk/sites/pub/Publication Reports/Advice/2016/2016/ple-2123.pdf","Age-based analytical assessment (SAM)","Unknown","Age-based analytical assessment (SAM)","multinational","Subdivisions 21-23","multinational-ICES-2123","European plaice Subdivisions 21-23","Actinopterygii","Pleuronectiformes","Pleuronectidae","Pleuronectes","Pleuronectes platessa","Pleuronectes platessa","European plaice",0,"Current","Denmark",27,"Imported from ICES data dump covering 2011-2016",0.1,NA,"0.1 except for age 1, which has 0.2 ",NA,NA,1999,2016,1999,2015,1999,2015,2015,3,2014,2013,"WGBFAS-PLAIC2123-1998-2016-ICESIMP2016_2014","WGBFAS-PLAIC2123-1998-2016-ICESIMP2016_2013",16600,14000,"TBbest-MT","MT",16600,14000,16600,14000,NA,NA,13200,10600,NA,NA,0.233734939759036,0.256428571428571,"ERbest-ratio","ratio",0.233734939759036,0.256428571428571,NA,NA,0.178,0.207,NA,NA,NA,NA,0.37,NA,0.37,"Fmsy-1/yr",1.01,NA,NA,NA,5550,NA,5553,"SSBtrigmsy-MT",NA,1,"N",1,NA,2.37837837837838,0.481081081081081,NA,4900.50227278224,5133.81011141991,NA,5550,"SSBmsy",0.37,"instFmsy",2.37837837837838,"SSB_by_SSBmsy",0.481081081081081,"InstF_by_InstFmsy",4900.50227278224,"OFL_instF"
"Europe (EU)","WGBFAS-PLAIC2123-1998-2015-ICESIMP2016","PLAIC2123","ICES","WGBFAS","1998-2015",1998,2015,"http://www.ices.dk/sites/pub/Publication Reports/Advice/2015/2015/ple-2123.pdf","Age-based analytical assessment (SAM)","Unknown","Age-based analytical assessment (SAM)","multinational","Subdivisions 21-23","multinational-ICES-2123","European plaice Subdivisions 21-23","Actinopterygii","Pleuronectiformes","Pleuronectidae","Pleuronectes","Pleuronectes platessa","Pleuronectes platessa","European plaice",0,"Current","Denmark",27,"Imported from ICES data dump covering 2011-2016",0.1,NA,"0.1 except for age 1, which has 0.2 ",NA,NA,1999,2015,1999,2014,1999,2014,2014,4,2014,2013,"WGBFAS-PLAIC2123-1998-2015-ICESIMP2016_2014","WGBFAS-PLAIC2123-1998-2015-ICESIMP2016_2013",17600,15700,"TBbest-MT","MT",17600,15700,17600,15700,NA,NA,14400,12200,NA,NA,0.220454545454545,0.228662420382166,"ERbest-ratio","ratio",0.220454545454545,0.228662420382166,NA,NA,0.186,0.198,NA,NA,NA,NA,0.37,NA,0.37,"Fmsy-1/yr",NA,NA,NA,NA,5550,NA,5553,"SSBtrigmsy-MT",NA,2,"N",2,NA,2.59459459459459,0.502702702702703,NA,5195.71325307032,5443.07578078256,NA,5550,"SSBmsy",0.37,"instFmsy",2.59459459459459,"SSB_by_SSBmsy",0.502702702702703,"InstF_by_InstFmsy",5195.71325307032,"OFL_instF"
"Europe (EU)","WGBFAS-PLAIC2123-1998-2017-ICESIMP2018","PLAIC2123","ICES","WGBFAS","1998-2017",1998,2017,"http://www.ices.dk/sites/pub/Publication Reports/Advice/2017/2017/ple.27.21-23.pdf","Age-based analytical assessment (SAM)","Unknown","Age-based analytical assessment (SAM)","multinational","Subdivisions 21-23","multinational-ICES-2123","European plaice Subdivisions 21-23","Actinopterygii","Pleuronectiformes","Pleuronectidae","Pleuronectes","Pleuronectes platessa","Pleuronectes platessa","European plaice",0,"Current","Denmark",27,"Imported from ICES data dump covering 2011-2018",0.1,NA,"0.1 except for age 1, which has 0.2 ",NA,NA,1999,2017,1999,2016,1999,2016,2016,2,2014,2013,"WGBFAS-PLAIC2123-1998-2017-ICESIMP2018_2014","WGBFAS-PLAIC2123-1998-2017-ICESIMP2018_2013",13000,11300,"TBbest-MT","MT",13000,11300,13000,11300,NA,NA,9880,8220,NA,NA,0.298461538461538,0.317699115044248,"ERbest-ratio","ratio",0.298461538461538,0.317699115044248,NA,NA,0.27,0.311,NA,NA,NA,NA,0.37,NA,0.37,"Fmsy-1/yr",1.01,NA,NA,NA,5550,NA,5550,"SSBtrigmsy-MT",NA,2,"N",2,NA,1.78018018018018,0.72972972972973,NA,3837.74274374513,4020.45370171439,NA,5550,"SSBmsy",0.37,"instFmsy",1.78018018018018,"SSB_by_SSBmsy",0.72972972972973,"InstF_by_InstFmsy",3837.74274374513,"OFL_instF"
"Europe (EU)","WGBFAS-PLAIC2123-1998-2015-ICESIMP2016","PLAIC2123","ICES","WGBFAS","1998-2015",1998,2015,"http://www.ices.dk/sites/pub/Publication Reports/Advice/2015/2015/ple-2123.pdf","Age-based analytical assessment (SAM)","Unknown","Age-based analytical assessment (SAM)","multinational","Subdivisions 21-23","multinational-ICES-2123","European plaice Subdivisions 21-23","Actinopterygii","Pleuronectiformes","Pleuronectidae","Pleuronectes","Pleuronectes platessa","Pleuronectes platessa","European plaice",0,"Current","Denmark",27,"Imported from ICES data dump covering 2011-2016",0.1,NA,"0.1 except for age 1, which has 0.2 ",NA,NA,1999,2015,1999,2014,1999,2014,2014,4,2014,2013,"WGBFAS-PLAIC2123-1998-2015-ICESIMP2016_2014","WGBFAS-PLAIC2123-1998-2015-ICESIMP2016_2013",17600,15700,"TBbest-MT","MT",17600,15700,17600,15700,NA,NA,14400,12200,NA,NA,0.220454545454545,0.228662420382166,"ERbest-ratio","ratio",0.220454545454545,0.228662420382166,NA,NA,0.186,0.198,NA,NA,NA,NA,0.37,NA,0.37,"Fmsy-1/yr",NA,NA,NA,NA,5550,NA,5553,"SSBtrigmsy-MT",NA,3,"N",3,NA,2.59459459459459,0.502702702702703,NA,5195.71325307032,5443.07578078256,NA,5550,"SSBmsy",0.37,"instFmsy",2.59459459459459,"SSB_by_SSBmsy",0.502702702702703,"InstF_by_InstFmsy",5195.71325307032,"OFL_instF"
"Europe (EU)","WGBFAS-PLAIC2123-1998-2018-ICESIMP2018","PLAIC2123","ICES","WGBFAS","1998-2018",1998,2018,"","Age-based analytical assessment (SAM)","Unknown","Age-based analytical assessment (SAM)","multinational","Subdivisions 21-23","multinational-ICES-2123","European plaice Subdivisions 21-23","Actinopterygii","Pleuronectiformes","Pleuronectidae","Pleuronectes","Pleuronectes platessa","Pleuronectes platessa","European plaice",999,"Current","Denmark",27,"Imported from ICES data dump covering 2011-2018",0.1,NA,"0.1 except for age 1, which has 0.2 ",NA,NA,1999,2018,1999,2017,1999,2017,2017,1,2014,2013,"WGBFAS-PLAIC2123-1998-2018-ICESIMP2018_2014","WGBFAS-PLAIC2123-1998-2018-ICESIMP2018_2013",12100,10500,"TBbest-MT","MT",12100,10500,12100,10500,NA,NA,9280,7660,NA,NA,0.320661157024793,0.341904761904762,"ERbest-ratio","ratio",0.320661157024793,0.341904761904762,NA,NA,0.295,0.342,NA,NA,NA,NA,0.37,NA,0.37,"Fmsy-1/yr",1.01,NA,NA,NA,5550,NA,5550,"SSBtrigmsy-MT",NA,3,"N",3,NA,1.67207207207207,0.797297297297297,NA,3572.05286148585,3742.11459928801,NA,5550,"SSBmsy",0.37,"instFmsy",1.67207207207207,"SSB_by_SSBmsy",0.797297297297297,"InstF_by_InstFmsy",3572.05286148585,"OFL_instF"
"Europe (EU)","WGBFAS-PLAIC2123-1998-2016-ICESIMP2016","PLAIC2123","ICES","WGBFAS","1998-2016",1998,2016,"http://www.ices.dk/sites/pub/Publication Reports/Advice/2016/2016/ple-2123.pdf","Age-based analytical assessment (SAM)","Unknown","Age-based analytical assessment (SAM)","multinational","Subdivisions 21-23","multinational-ICES-2123","European plaice Subdivisions 21-23","Actinopterygii","Pleuronectiformes","Pleuronectidae","Pleuronectes","Pleuronectes platessa","Pleuronectes platessa","European plaice",0,"Current","Denmark",27,"Imported from ICES data dump covering 2011-2016",0.1,NA,"0.1 except for age 1, which has 0.2 ",NA,NA,1999,2016,1999,2015,1999,2015,2015,3,2015,2014,"WGBFAS-PLAIC2123-1998-2016-ICESIMP2016_2015","WGBFAS-PLAIC2123-1998-2016-ICESIMP2016_2014",19100,16600,"TBbest-MT","MT",19100,16600,19100,16600,NA,NA,15700,13200,NA,NA,0.194240837696335,0.233734939759036,"ERbest-ratio","ratio",0.194240837696335,0.233734939759036,NA,NA,0.167,0.178,NA,NA,NA,NA,0.37,NA,0.37,"Fmsy-1/yr",1.01,NA,NA,NA,5550,NA,5553,"SSBtrigmsy-MT",NA,4,"N",1,NA,2.82882882882883,0.451351351351351,NA,5638.52972350245,5906.97428482653,NA,5550,"SSBmsy",0.37,"instFmsy",2.82882882882883,"SSB_by_SSBmsy",0.451351351351351,"InstF_by_InstFmsy",5638.52972350245,"OFL_instF"
"Europe (EU)","WGBFAS-PLAIC2123-1998-2017-ICESIMP2018","PLAIC2123","ICES","WGBFAS","1998-2017",1998,2017,"http://www.ices.dk/sites/pub/Publication Reports/Advice/2017/2017/ple.27.21-23.pdf","Age-based analytical assessment (SAM)","Unknown","Age-based analytical assessment (SAM)","multinational","Subdivisions 21-23","multinational-ICES-2123","European plaice Subdivisions 21-23","Actinopterygii","Pleuronectiformes","Pleuronectidae","Pleuronectes","Pleuronectes platessa","Pleuronectes platessa","European plaice",0,"Current","Denmark",27,"Imported from ICES data dump covering 2011-2018",0.1,NA,"0.1 except for age 1, which has 0.2 ",NA,NA,1999,2017,1999,2016,1999,2016,2016,2,2015,2014,"WGBFAS-PLAIC2123-1998-2017-ICESIMP2018_2015","WGBFAS-PLAIC2123-1998-2017-ICESIMP2018_2014",14400,13000,"TBbest-MT","MT",14400,13000,14400,13000,NA,NA,11300,9880,NA,NA,0.257638888888889,0.298461538461538,"ERbest-ratio","ratio",0.257638888888889,0.298461538461538,NA,NA,0.26,0.27,NA,NA,NA,NA,0.37,NA,0.37,"Fmsy-1/yr",1.01,NA,NA,NA,5550,NA,5550,"SSBtrigmsy-MT",NA,4,"N",1,NA,2.03603603603604,0.702702702702703,NA,4251.03811614845,4453.42563882209,NA,5550,"SSBmsy",0.37,"instFmsy",2.03603603603604,"SSB_by_SSBmsy",0.702702702702703,"InstF_by_InstFmsy",4251.03811614845,"OFL_instF"
"Europe (EU)","WGBFAS-PLAIC2123-1998-2016-ICESIMP2016","PLAIC2123","ICES","WGBFAS","1998-2016",1998,2016,"http://www.ices.dk/sites/pub/Publication Reports/Advice/2016/2016/ple-2123.pdf","Age-based analytical assessment (SAM)","Unknown","Age-based analytical assessment (SAM)","multinational","Subdivisions 21-23","multinational-ICES-2123","European plaice Subdivisions 21-23","Actinopterygii","Pleuronectiformes","Pleuronectidae","Pleuronectes","Pleuronectes platessa","Pleuronectes platessa","European plaice",0,"Current","Denmark",27,"Imported from ICES data dump covering 2011-2016",0.1,NA,"0.1 except for age 1, which has 0.2 ",NA,NA,1999,2016,1999,2015,1999,2015,2015,3,2015,2014,"WGBFAS-PLAIC2123-1998-2016-ICESIMP2016_2015","WGBFAS-PLAIC2123-1998-2016-ICESIMP2016_2014",19100,16600,"TBbest-MT","MT",19100,16600,19100,16600,NA,NA,15700,13200,NA,NA,0.194240837696335,0.233734939759036,"ERbest-ratio","ratio",0.194240837696335,0.233734939759036,NA,NA,0.167,0.178,NA,NA,NA,NA,0.37,NA,0.37,"Fmsy-1/yr",1.01,NA,NA,NA,5550,NA,5553,"SSBtrigmsy-MT",NA,5,"N",2,NA,2.82882882882883,0.451351351351351,NA,5638.52972350245,5906.97428482653,NA,5550,"SSBmsy",0.37,"instFmsy",2.82882882882883,"SSB_by_SSBmsy",0.451351351351351,"InstF_by_InstFmsy",5638.52972350245,"OFL_instF"
"Europe (EU)","WGBFAS-PLAIC2123-1998-2018-ICESIMP2018","PLAIC2123","ICES","WGBFAS","1998-2018",1998,2018,"","Age-based analytical assessment (SAM)","Unknown","Age-based analytical assessment (SAM)","multinational","Subdivisions 21-23","multinational-ICES-2123","European plaice Subdivisions 21-23","Actinopterygii","Pleuronectiformes","Pleuronectidae","Pleuronectes","Pleuronectes platessa","Pleuronectes platessa","European plaice",999,"Current","Denmark",27,"Imported from ICES data dump covering 2011-2018",0.1,NA,"0.1 except for age 1, which has 0.2 ",NA,NA,1999,2018,1999,2017,1999,2017,2017,1,2015,2014,"WGBFAS-PLAIC2123-1998-2018-ICESIMP2018_2015","WGBFAS-PLAIC2123-1998-2018-ICESIMP2018_2014",13600,12100,"TBbest-MT","MT",13600,12100,13600,12100,NA,NA,10700,9280,NA,NA,0.272794117647059,0.320661157024793,"ERbest-ratio","ratio",0.272794117647059,0.320661157024793,NA,NA,0.273,0.295,NA,NA,NA,NA,0.37,NA,0.37,"Fmsy-1/yr",1.01,NA,NA,NA,5550,NA,5550,"SSBtrigmsy-MT",NA,5,"N",2,NA,1.92792792792793,0.737837837837838,NA,4014.86933191798,4206.01310333198,NA,5550,"SSBmsy",0.37,"instFmsy",1.92792792792793,"SSB_by_SSBmsy",0.737837837837838,"InstF_by_InstFmsy",4014.86933191798,"OFL_instF"
"Europe (EU)","WGBFAS-PLAIC2123-1998-2017-ICESIMP2018","PLAIC2123","ICES","WGBFAS","1998-2017",1998,2017,"http://www.ices.dk/sites/pub/Publication Reports/Advice/2017/2017/ple.27.21-23.pdf","Age-based analytical assessment (SAM)","Unknown","Age-based analytical assessment (SAM)","multinational","Subdivisions 21-23","multinational-ICES-2123","European plaice Subdivisions 21-23","Actinopterygii","Pleuronectiformes","Pleuronectidae","Pleuronectes","Pleuronectes platessa","Pleuronectes platessa","European plaice",0,"Current","Denmark",27,"Imported from ICES data dump covering 2011-2018",0.1,NA,"0.1 except for age 1, which has 0.2 ",NA,NA,1999,2017,1999,2016,1999,2016,2016,2,2016,2015,"WGBFAS-PLAIC2123-1998-2017-ICESIMP2018_2016","WGBFAS-PLAIC2123-1998-2017-ICESIMP2018_2015",15800,14400,"TBbest-MT","MT",15800,14400,15800,14400,NA,NA,12800,11300,NA,NA,0.286075949367089,0.257638888888889,"ERbest-ratio","ratio",0.286075949367089,0.257638888888889,NA,NA,0.283,0.26,NA,NA,NA,NA,0.37,NA,0.37,"Fmsy-1/yr",1.01,NA,NA,NA,5550,NA,5550,"SSBtrigmsy-MT",NA,6,"N",1,NA,2.30630630630631,0.764864864864865,NA,4664.33348855177,4886.3975759298,NA,5550,"SSBmsy",0.37,"instFmsy",2.30630630630631,"SSB_by_SSBmsy",0.764864864864865,"InstF_by_InstFmsy",4664.33348855177,"OFL_instF"
"Europe (EU)","WGBFAS-PLAIC2123-1998-2018-ICESIMP2018","PLAIC2123","ICES","WGBFAS","1998-2018",1998,2018,"","Age-based analytical assessment (SAM)","Unknown","Age-based analytical assessment (SAM)","multinational","Subdivisions 21-23","multinational-ICES-2123","European plaice Subdivisions 21-23","Actinopterygii","Pleuronectiformes","Pleuronectidae","Pleuronectes","Pleuronectes platessa","Pleuronectes platessa","European plaice",999,"Current","Denmark",27,"Imported from ICES data dump covering 2011-2018",0.1,NA,"0.1 except for age 1, which has 0.2 ",NA,NA,1999,2018,1999,2017,1999,2017,2017,1,2016,2015,"WGBFAS-PLAIC2123-1998-2018-ICESIMP2018_2016","WGBFAS-PLAIC2123-1998-2018-ICESIMP2018_2015",15500,13600,"TBbest-MT","MT",15500,13600,15500,13600,NA,NA,12200,10700,NA,NA,0.291612903225806,0.272794117647059,"ERbest-ratio","ratio",0.291612903225806,0.272794117647059,NA,NA,0.274,0.273,NA,NA,NA,NA,0.37,NA,0.37,"Fmsy-1/yr",1.01,NA,NA,NA,5550,NA,5550,"SSBtrigmsy-MT",NA,6,"N",1,NA,2.1981981981982,0.740540540540541,NA,4575.77019446534,4793.617875121,NA,5550,"SSBmsy",0.37,"instFmsy",2.1981981981982,"SSB_by_SSBmsy",0.740540540540541,"InstF_by_InstFmsy",4575.77019446534,"OFL_instF"
"Europe (EU)","WGHANSA-SARDPVIIIc-IXa-1978-2014-ICESIMP2016","SARDPVIIIc-IXa","ICES","WGHANSA","1978-2014",1978,2014,"http://www.ices.dk/sites/pub/Publication Reports/Advice/2014/2014/sar-soth.pdf","Age-based analytical assessment (SS3) ","Unknown","Age-based analytical assessment (SS3) ","multinational","ICES 8c-9a","multinational-ICES-VIIIc-IXa","Sardine ICES 8c-9a","Actinopterygii","Clupeiformes","Clupeidae","Sardina","Sardina pilchardus","Sardina pilchardus","European pilchard",0,"Current","Portugal",27,"Imported from ICES data dump covering 2011-2016",NA,NA,"natural mortalities from Gislason formula ",NA,NA,1978,2014,1978,2013,1978,2013,2013,4,2013,2012,"WGHANSA-SARDPVIIIc-IXa-1978-2014-ICESIMP2016_2013","WGHANSA-SARDPVIIIc-IXa-1978-2014-ICESIMP2016_2012",138000,125000,"TBbest-MT","MT",138000,125000,138000,125000,NA,NA,NA,NA,NA,NA,0.437,0.515,"F-1/yr","1/yr",0.333333333333333,0.44,NA,NA,0.437,0.515,NA,NA,NA,NA,NA,NA,NA,NA,NA,NA,NA,NA,NA,NA,NA,NA,NA,1,"N",1,NA,NA,NA,NA,NA,NA,NA,NA,"SSBmsy",NA,"instFmsy",NA,NA,NA,NA,NA,NA
"Europe (EU)","WGHANSA-SARDPVIIIc-IXa-1978-2015-ICESIMP2016","SARDPVIIIc-IXa","ICES","WGHANSA","1978-2015",1978,2015,"http://www.ices.dk/sites/pub/Publication Reports/Advice/2015/2015/sar-soth.pdf","Age-based analytical assessment (SS3) ","Unknown","Age-based analytical assessment (SS3) ","multinational","ICES 8c-9a","multinational-ICES-VIIIc-IXa","Sardine ICES 8c-9a","Actinopterygii","Clupeiformes","Clupeidae","Sardina","Sardina pilchardus","Sardina pilchardus","European pilchard",0,"Current","Portugal",27,"Imported from ICES data dump covering 2011-2016",NA,NA,"natural mortalities from Gislason formula ",NA,NA,1978,2015,1978,2014,1978,2014,2014,3,2013,2012,"WGHANSA-SARDPVIIIc-IXa-1978-2015-ICESIMP2016_2013","WGHANSA-SARDPVIIIc-IXa-1978-2015-ICESIMP2016_2012",142000,131000,"TBbest-MT","MT",142000,131000,142000,131000,NA,NA,NA,NA,NA,NA,0.475,0.525,"F-1/yr","1/yr",0.323943661971831,0.419847328244275,NA,NA,0.475,0.525,NA,NA,NA,NA,NA,NA,0.23,"Fmp-1/yr",NA,NA,NA,NA,NA,NA,NA,NA,NA,1,"N",1,NA,NA,NA,NA,NA,NA,NA,NA,"SSBmsy",NA,"instFmsy",NA,NA,NA,NA,NA,NA
"Europe (EU)","WGHANSA-SARDPVIIIc-IXa-1978-2014-ICESIMP2016","SARDPVIIIc-IXa","ICES","WGHANSA","1978-2014",1978,2014,"http://www.ices.dk/sites/pub/Publication Reports/Advice/2014/2014/sar-soth.pdf","Age-based analytical assessment (SS3) ","Unknown","Age-based analytical assessment (SS3) ","multinational","ICES 8c-9a","multinational-ICES-VIIIc-IXa","Sardine ICES 8c-9a","Actinopterygii","Clupeiformes","Clupeidae","Sardina","Sardina pilchardus","Sardina pilchardus","European pilchard",0,"Current","Portugal",27,"Imported from ICES data dump covering 2011-2016",NA,NA,"natural mortalities from Gislason formula ",NA,NA,1978,2014,1978,2013,1978,2013,2013,4,2013,2012,"WGHANSA-SARDPVIIIc-IXa-1978-2014-ICESIMP2016_2013","WGHANSA-SARDPVIIIc-IXa-1978-2014-ICESIMP2016_2012",138000,125000,"TBbest-MT","MT",138000,125000,138000,125000,NA,NA,NA,NA,NA,NA,0.437,0.515,"F-1/yr","1/yr",0.333333333333333,0.44,NA,NA,0.437,0.515,NA,NA,NA,NA,NA,NA,NA,NA,NA,NA,NA,NA,NA,NA,NA,NA,NA,2,"N",2,NA,NA,NA,NA,NA,NA,NA,NA,"SSBmsy",NA,"instFmsy",NA,NA,NA,NA,NA,NA
"Europe (EU)","WGHANSA-SARDPVIIIc-IXa-1978-2016-ICESIMP2016","SARDPVIIIc-IXa","ICES","WGHANSA","1978-2016",1978,2016,"http://www.ices.dk/sites/pub/Publication Reports/Advice/2016/2016/sar-soth.pdf","Age-based analytical assessment (SS3) ","Unknown","Age-based analytical assessment (SS3) ","multinational","ICES 8c-9a","multinational-ICES-VIIIc-IXa","Sardine ICES 8c-9a","Actinopterygii","Clupeiformes","Clupeidae","Sardina","Sardina pilchardus","Sardina pilchardus","European pilchard",0,"Current","Portugal",27,"Imported from ICES data dump covering 2011-2016",NA,NA,"natural mortalities from Gislason formula ",NA,NA,1978,2016,1978,2015,1978,2015,2015,2,2013,2012,"WGHANSA-SARDPVIIIc-IXa-1978-2016-ICESIMP2016_2013","WGHANSA-SARDPVIIIc-IXa-1978-2016-ICESIMP2016_2012",158000,147000,"TBbest-MT","MT",158000,147000,158000,147000,NA,NA,NA,NA,NA,NA,0.418,0.464,"F-1/yr","1/yr",0.291139240506329,0.374149659863946,NA,NA,0.418,0.464,NA,NA,NA,NA,NA,NA,NA,NA,NA,NA,NA,NA,NA,NA,NA,NA,NA,2,"N",2,NA,NA,NA,NA,NA,NA,NA,NA,"SSBmsy",NA,"instFmsy",NA,NA,NA,NA,NA,NA
"Europe (EU)","WGHANSA-SARDPVIIIc-IXa-1978-2014-ICESIMP2016","SARDPVIIIc-IXa","ICES","WGHANSA","1978-2014",1978,2014,"http://www.ices.dk/sites/pub/Publication Reports/Advice/2014/2014/sar-soth.pdf","Age-based analytical assessment (SS3) ","Unknown","Age-based analytical assessment (SS3) ","multinational","ICES 8c-9a","multinational-ICES-VIIIc-IXa","Sardine ICES 8c-9a","Actinopterygii","Clupeiformes","Clupeidae","Sardina","Sardina pilchardus","Sardina pilchardus","European pilchard",0,"Current","Portugal",27,"Imported from ICES data dump covering 2011-2016",NA,NA,"natural mortalities from Gislason formula ",NA,NA,1978,2014,1978,2013,1978,2013,2013,4,2013,2012,"WGHANSA-SARDPVIIIc-IXa-1978-2014-ICESIMP2016_2013","WGHANSA-SARDPVIIIc-IXa-1978-2014-ICESIMP2016_2012",138000,125000,"TBbest-MT","MT",138000,125000,138000,125000,NA,NA,NA,NA,NA,NA,0.437,0.515,"F-1/yr","1/yr",0.333333333333333,0.44,NA,NA,0.437,0.515,NA,NA,NA,NA,NA,NA,NA,NA,NA,NA,NA,NA,NA,NA,NA,NA,NA,3,"N",3,NA,NA,NA,NA,NA,NA,NA,NA,"SSBmsy",NA,"instFmsy",NA,NA,NA,NA,NA,NA
"Europe (EU)","WGHANSA-SARDPVIIIc-IXa-1978-2017-ICESIMP2018","SARDPVIIIc-IXa","ICES","WGHANSA","1978-2017",1978,2017,"http://www.ices.dk/sites/pub/Publication Reports/Advice/2017/2017/pil.27.8c9a.pdf","Age-based analytical assessment (SS3) ","Unknown","Age-based analytical assessment (SS3) ","multinational","ICES 8c-9a","multinational-ICES-VIIIc-IXa","Sardine ICES 8c-9a","Actinopterygii","Clupeiformes","Clupeidae","Sardina","Sardina pilchardus","Sardina pilchardus","European pilchard",0,"Current","Portugal",27,"Imported from ICES data dump covering 2011-2018",NA,NA,"natural mortalities from Gislason formula ",NA,NA,1978,2017,1978,2016,1978,2016,2016,1,2013,2012,"WGHANSA-SARDPVIIIc-IXa-1978-2017-ICESIMP2018_2013","WGHANSA-SARDPVIIIc-IXa-1978-2017-ICESIMP2018_2012",117000,128000,"TBbest-MT","MT",117000,128000,117000,128000,NA,NA,117000,128000,NA,NA,0.45,0.465,"F-1/yr","1/yr",0.391452991452991,0.42890625,NA,NA,0.45,0.465,NA,NA,NA,NA,0.12,NA,0.12,"Fmsy-1/yr",0.25,NA,NA,NA,446331,NA,446331,"SSBtrigmsy-MT",NA,3,"N",3,NA,0.262137292726698,3.75,NA,NA,13230.3089040926,NA,446331,"SSBmsy",0.12,"instFmsy",0.262137292726698,"SSB_by_SSBmsy",3.75,"InstF_by_InstFmsy",13230.3089040926,"OFL_instF_2"
"Europe (EU)","WGHANSA-SARDPVIIIc-IXa-1978-2015-ICESIMP2016","SARDPVIIIc-IXa","ICES","WGHANSA","1978-2015",1978,2015,"http://www.ices.dk/sites/pub/Publication Reports/Advice/2015/2015/sar-soth.pdf","Age-based analytical assessment (SS3) ","Unknown","Age-based analytical assessment (SS3) ","multinational","ICES 8c-9a","multinational-ICES-VIIIc-IXa","Sardine ICES 8c-9a","Actinopterygii","Clupeiformes","Clupeidae","Sardina","Sardina pilchardus","Sardina pilchardus","European pilchard",0,"Current","Portugal",27,"Imported from ICES data dump covering 2011-2016",NA,NA,"natural mortalities from Gislason formula ",NA,NA,1978,2015,1978,2014,1978,2014,2014,3,2014,2013,"WGHANSA-SARDPVIIIc-IXa-1978-2015-ICESIMP2016_2014","WGHANSA-SARDPVIIIc-IXa-1978-2015-ICESIMP2016_2013",123000,142000,"TBbest-MT","MT",123000,142000,123000,142000,NA,NA,NA,NA,NA,NA,0.272,0.475,"F-1/yr","1/yr",0.227642276422764,0.323943661971831,NA,NA,0.272,0.475,NA,NA,NA,NA,NA,NA,0.23,"Fmp-1/yr",NA,NA,NA,NA,NA,NA,NA,NA,NA,4,"N",1,NA,NA,NA,NA,NA,NA,NA,NA,"SSBmsy",NA,"instFmsy",NA,NA,NA,NA,NA,NA
"Europe (EU)","WGHANSA-SARDPVIIIc-IXa-1978-2016-ICESIMP2016","SARDPVIIIc-IXa","ICES","WGHANSA","1978-2016",1978,2016,"http://www.ices.dk/sites/pub/Publication Reports/Advice/2016/2016/sar-soth.pdf","Age-based analytical assessment (SS3) ","Unknown","Age-based analytical assessment (SS3) ","multinational","ICES 8c-9a","multinational-ICES-VIIIc-IXa","Sardine ICES 8c-9a","Actinopterygii","Clupeiformes","Clupeidae","Sardina","Sardina pilchardus","Sardina pilchardus","European pilchard",0,"Current","Portugal",27,"Imported from ICES data dump covering 2011-2016",NA,NA,"natural mortalities from Gislason formula ",NA,NA,1978,2016,1978,2015,1978,2015,2015,2,2014,2013,"WGHANSA-SARDPVIIIc-IXa-1978-2016-ICESIMP2016_2014","WGHANSA-SARDPVIIIc-IXa-1978-2016-ICESIMP2016_2013",135000,158000,"TBbest-MT","MT",135000,158000,135000,158000,NA,NA,NA,NA,NA,NA,0.244,0.418,"F-1/yr","1/yr",0.207407407407407,0.291139240506329,NA,NA,0.244,0.418,NA,NA,NA,NA,NA,NA,NA,NA,NA,NA,NA,NA,NA,NA,NA,NA,NA,4,"N",1,NA,NA,NA,NA,NA,NA,NA,NA,"SSBmsy",NA,"instFmsy",NA,NA,NA,NA,NA,NA
"Europe (EU)","WGHANSA-SARDPVIIIc-IXa-1978-2015-ICESIMP2016","SARDPVIIIc-IXa","ICES","WGHANSA","1978-2015",1978,2015,"http://www.ices.dk/sites/pub/Publication Reports/Advice/2015/2015/sar-soth.pdf","Age-based analytical assessment (SS3) ","Unknown","Age-based analytical assessment (SS3) ","multinational","ICES 8c-9a","multinational-ICES-VIIIc-IXa","Sardine ICES 8c-9a","Actinopterygii","Clupeiformes","Clupeidae","Sardina","Sardina pilchardus","Sardina pilchardus","European pilchard",0,"Current","Portugal",27,"Imported from ICES data dump covering 2011-2016",NA,NA,"natural mortalities from Gislason formula ",NA,NA,1978,2015,1978,2014,1978,2014,2014,3,2014,2013,"WGHANSA-SARDPVIIIc-IXa-1978-2015-ICESIMP2016_2014","WGHANSA-SARDPVIIIc-IXa-1978-2015-ICESIMP2016_2013",123000,142000,"TBbest-MT","MT",123000,142000,123000,142000,NA,NA,NA,NA,NA,NA,0.272,0.475,"F-1/yr","1/yr",0.227642276422764,0.323943661971831,NA,NA,0.272,0.475,NA,NA,NA,NA,NA,NA,0.23,"Fmp-1/yr",NA,NA,NA,NA,NA,NA,NA,NA,NA,5,"N",2,NA,NA,NA,NA,NA,NA,NA,NA,"SSBmsy",NA,"instFmsy",NA,NA,NA,NA,NA,NA
"Europe (EU)","WGHANSA-SARDPVIIIc-IXa-1978-2017-ICESIMP2018","SARDPVIIIc-IXa","ICES","WGHANSA","1978-2017",1978,2017,"http://www.ices.dk/sites/pub/Publication Reports/Advice/2017/2017/pil.27.8c9a.pdf","Age-based analytical assessment (SS3) ","Unknown","Age-based analytical assessment (SS3) ","multinational","ICES 8c-9a","multinational-ICES-VIIIc-IXa","Sardine ICES 8c-9a","Actinopterygii","Clupeiformes","Clupeidae","Sardina","Sardina pilchardus","Sardina pilchardus","European pilchard",0,"Current","Portugal",27,"Imported from ICES data dump covering 2011-2018",NA,NA,"natural mortalities from Gislason formula ",NA,NA,1978,2017,1978,2016,1978,2016,2016,1,2014,2013,"WGHANSA-SARDPVIIIc-IXa-1978-2017-ICESIMP2018_2014","WGHANSA-SARDPVIIIc-IXa-1978-2017-ICESIMP2018_2013",118000,117000,"TBbest-MT","MT",118000,117000,118000,117000,NA,NA,118000,117000,NA,NA,0.297,0.45,"F-1/yr","1/yr",0.236440677966102,0.391452991452991,NA,NA,0.297,0.45,NA,NA,NA,NA,0.12,NA,0.12,"Fmsy-1/yr",0.25,NA,NA,NA,446331,NA,446331,"SSBtrigmsy-MT",NA,5,"N",2,NA,0.264377782408123,2.475,NA,NA,13343.3884673754,NA,446331,"SSBmsy",0.12,"instFmsy",0.264377782408123,"SSB_by_SSBmsy",2.475,"InstF_by_InstFmsy",13343.3884673754,"OFL_instF_2"
"Europe (EU)","WGHANSA-SARDPVIIIc-IXa-1978-2016-ICESIMP2016","SARDPVIIIc-IXa","ICES","WGHANSA","1978-2016",1978,2016,"http://www.ices.dk/sites/pub/Publication Reports/Advice/2016/2016/sar-soth.pdf","Age-based analytical assessment (SS3) ","Unknown","Age-based analytical assessment (SS3) ","multinational","ICES 8c-9a","multinational-ICES-VIIIc-IXa","Sardine ICES 8c-9a","Actinopterygii","Clupeiformes","Clupeidae","Sardina","Sardina pilchardus","Sardina pilchardus","European pilchard",0,"Current","Portugal",27,"Imported from ICES data dump covering 2011-2016",NA,NA,"natural mortalities from Gislason formula ",NA,NA,1978,2016,1978,2015,1978,2015,2015,2,2015,2014,"WGHANSA-SARDPVIIIc-IXa-1978-2016-ICESIMP2016_2015","WGHANSA-SARDPVIIIc-IXa-1978-2016-ICESIMP2016_2014",168000,135000,"TBbest-MT","MT",168000,135000,168000,135000,NA,NA,NA,NA,NA,NA,0.145,0.244,"F-1/yr","1/yr",0.125,0.207407407407407,NA,NA,0.145,0.244,NA,NA,NA,NA,NA,NA,NA,NA,NA,NA,NA,NA,NA,NA,NA,NA,NA,6,"N",1,NA,NA,NA,NA,NA,NA,NA,NA,"SSBmsy",NA,"instFmsy",NA,NA,NA,NA,NA,NA
"Europe (EU)","WGHANSA-SARDPVIIIc-IXa-1978-2017-ICESIMP2018","SARDPVIIIc-IXa","ICES","WGHANSA","1978-2017",1978,2017,"http://www.ices.dk/sites/pub/Publication Reports/Advice/2017/2017/pil.27.8c9a.pdf","Age-based analytical assessment (SS3) ","Unknown","Age-based analytical assessment (SS3) ","multinational","ICES 8c-9a","multinational-ICES-VIIIc-IXa","Sardine ICES 8c-9a","Actinopterygii","Clupeiformes","Clupeidae","Sardina","Sardina pilchardus","Sardina pilchardus","European pilchard",0,"Current","Portugal",27,"Imported from ICES data dump covering 2011-2018",NA,NA,"natural mortalities from Gislason formula ",NA,NA,1978,2017,1978,2016,1978,2016,2016,1,2015,2014,"WGHANSA-SARDPVIIIc-IXa-1978-2017-ICESIMP2018_2015","WGHANSA-SARDPVIIIc-IXa-1978-2017-ICESIMP2018_2014",112000,118000,"TBbest-MT","MT",112000,118000,112000,118000,NA,NA,112000,118000,NA,NA,0.189,0.297,"F-1/yr","1/yr",0.183928571428571,0.236440677966102,NA,NA,0.189,0.297,NA,NA,NA,NA,0.12,NA,0.12,"Fmsy-1/yr",0.25,NA,NA,NA,446331,NA,446331,"SSBtrigmsy-MT",NA,6,"N",1,NA,0.250934844319574,1.575,NA,NA,12664.9110876784,NA,446331,"SSBmsy",0.12,"instFmsy",0.250934844319574,"SSB_by_SSBmsy",1.575,"InstF_by_InstFmsy",12664.9110876784,"OFL_instF_2"
